Workbook
Name OLE_LINK1: 'Sheet 1. Introduction'!$V$29

Sheet Sheet 1. Introduction

Sheet Sheet 2. County Level Data
A1: County Name(a) | B1: State | C1: Total Population | D1: Rural Population | E1: RUCC | F1: Poverty Population | G1: SVI(c) | H1: Need Measure(b)
P3: Funding Allotment (in dollars)
P4: 10000000
P7: Number of Counties
P8: =COUNTA(A2:A300) -> 0
S10: Number of Formula Items | T10: Floor
P11: Carveout Allotment | S11: Two | T11: =(0.5*P4)/P8 -> #DIV/0!
P12: =P4*'Formula Calculations (LOCKED)'!S2 -> #DIV/0! | S12: Three | T12: =(0.3333333333333*P4)/P8 -> #DIV/0!
S13: Four | T13: =0.25*P4/P8 -> #DIV/0!

Sheet Sheet 3. Total Amounts 
B1: 0: Control Formulas | G1: 1: No Carveout | L1: 2: Rural Carveout
A2: Formula | B2: 0.1 | C2: 0.2 | D2: 0.3 | E2: 0.4 | F2: 0.5 | G2: 1.1 | H2: 1.2 | I2: 1.3 | J2: 1.4 | K2: 1.5 | L2: 2.1 | M2: 2.2 | N2: 2.3
A3: County | B3: Percent population only | C3: Poverty population only | D3: SVI only | E3: Pop 18 and under only | F3: Rural population only | G3: Povery pop +Floor | H3: Poverty pop + Rurality | I3: Poverty pop + Floor + Rurality | J3: Poverty Pop + Floor + Rurality + SVI | K3: Poverty Pop + Floor + Rurality + Pop 18 and under | L3: Carveout + Poverty Pop | M3: Carveout + Poverty + SVI | N3: Carveout + Poverty + Measure of Need
A4: ='Sheet 2. County Level Data'!A2 -> 0 | B4: =('Formula Calculations (LOCKED)'!C4*'Sheet 2. County Level Data'!$P$4) -> #DIV/0! | C4: ='Formula Calculations (LOCKED)'!H4/'Formula Calculations (LOCKED)'!$H$2*'Sheet 2. County Level Data'!$P$4 -> #DIV/0! | D4: =('Formula Calculations (LOCKED)'!L4/'Formula Calculations (LOCKED)'!$L$2)*'Sheet 2. County Level Data'!$P$4 -> #DIV/0! | E4: =('Formula Calculations (LOCKED)'!O4/'Formula Calculations (LOCKED)'!$O$2)*'Sheet 2. County Level Data'!$P$4 -> #DIV/0! | F4: =('Formula Calculations (LOCKED)'!D4/'Formula Calculations (LOCKED)'!$D$2)*'Sheet 2. County Level Data'!$P$4 -> #DIV/0! | G4: ='Sheet 2. County Level Data'!$T$11+(0.5*10000000)*'Formula Calculations (LOCKED)'!H4/'Formula Calculations (LOCKED)'!$H$2 -> #DIV/0! | H4: =(0.5*10000000)*'Formula Calculations (LOCKED)'!H4/'Formula Calculations (LOCKED)'!$H$2+(0.5*10000000)*'Formula Calculations (LOCKED)'!D4/'Formula Calculations (LOCKED)'!$D$2 -> #DIV/0! | I4: ='Sheet 2. County Level Data'!$T$12+(0.3333333333*10000000*('Formula Calculations (LOCKED)'!H4/'Formula Calculations (LOCKED)'!$H$2))+(0.3333333333*10000000*('Formula Calculations (LOCKED)'!D4/'Formula Calculations (LOCKED)'!$D$2)) -> #DIV/0! | J4: ='Sheet 2. County Level Data'!$T$13+(0.25*10000000*('Formula Calculations (LOCKED)'!H4/'Formula Calculations (LOCKED)'!$H$2))+(0.25*10000000*('Formula Calculations (LOCKED)'!D4/'Formula Calculations (LOCKED)'!$D$2))+(0.25*10000000*('Formula Calculations (LOCKED)'!L4/'Formula Calculations (LOCKED)'!$L$2)) -> #DIV/0! | K4: ='Sheet 2. County Level Data'!$T$13+(0.25*10000000*('Formula Calculations (LOCKED)'!H4/'Formula Calculations (LOCKED)'!$H$2))+(0.25*10000000*('Formula Calculations (LOCKED)'!D4/'Formula Calculations (LOCKED)'!$D$2))+(0.25*10000000*('Formula Calculations (LOCKED)'!O4/'Formula Calculations (LOCKED)'!$O$2)) -> #DIV/0! | L4: =IF('Formula Calculations (LOCKED)'!$G4=1,('Sheet 2. County Level Data'!$P$12*('Formula Calculations (LOCKED)'!K4/'Formula Calculations (LOCKED)'!$K$2)),((10000000-'Sheet 2. County Level Data'!$P$12)*'Formula Calculations (LOCKED)'!J4/'Formula Calculations (LOCKED)'!$J$2)) -> #DIV/0! | M4: =IF('Formula Calculations (LOCKED)'!$G4=1,((0.5*'Sheet 2. County Level Data'!$P$12)*('Formula Calculations (LOCKED)'!K4/'Formula Calculations (LOCKED)'!$K$2))+((0.5*'Sheet 2. County Level Data'!$P$12)*('Formula Calculations (LOCKED)'!N4/'Formula Calculations (LOCKED)'!$N$2)),((0.5*(10000000-'Sheet 2. County Level Data'!$P$12))*('Formula Calculations (LOCKED)'!J4/'Formula Calculations (LOCKED)'!$J$2))+((0.5*(10000000-'Sheet 2. County Level Data'!$P$12))*('Formula Calculations (LOCKED)'!M4/'Formula Calculations (LOCKED)'!$M$2))) -> #DIV/0! | N4: =IF('Formula Calculations (LOCKED)'!$G4=1,((0.5*'Sheet 2. County Level Data'!$P$12)*('Formula Calculations (LOCKED)'!K4/'Formula Calculations (LOCKED)'!$K$2))+((0.5*'Sheet 2. County Level Data'!$P$12)*('Formula Calculations (LOCKED)'!R4/'Formula Calculations (LOCKED)'!$R$2)),((0.5*(10000000-'Sheet 2. County Level Data'!$P$12))*('Formula Calculations (LOCKED)'!J4/'Formula Calculations (LOCKED)'!$J$2))+((0.5*(10000000-'Sheet 2. County Level Data'!$P$12))*('Formula Calculations (LOCKED)'!Q4/'Formula Calculations (LOCKED)'!$Q$2))) -> #DIV/0!
A5: ='Sheet 2. County Level Data'!A3 -> 0 | B5: =('Formula Calculations (LOCKED)'!C5*'Sheet 2. County Level Data'!$P$4) -> #DIV/0! | C5: ='Formula Calculations (LOCKED)'!H5/'Formula Calculations (LOCKED)'!$H$2*'Sheet 2. County Level Data'!$P$4 -> #DIV/0! | D5: =('Formula Calculations (LOCKED)'!L5/'Formula Calculations (LOCKED)'!$L$2)*'Sheet 2. County Level Data'!$P$4 -> #DIV/0! | E5: =('Formula Calculations (LOCKED)'!O5/'Formula Calculations (LOCKED)'!$O$2)*'Sheet 2. County Level Data'!$P$4 -> #DIV/0! | F5: =('Formula Calculations (LOCKED)'!D5/'Formula Calculations (LOCKED)'!$D$2)*'Sheet 2. County Level Data'!$P$4 -> #DIV/0! | G5: ='Sheet 2. County Level Data'!$T$11+(0.5*10000000)*'Formula Calculations (LOCKED)'!H5/'Formula Calculations (LOCKED)'!$H$2 -> #DIV/0! | H5: =(0.5*10000000)*'Formula Calculations (LOCKED)'!H5/'Formula Calculations (LOCKED)'!$H$2+(0.5*10000000)*'Formula Calculations (LOCKED)'!D5/'Formula Calculations (LOCKED)'!$D$2 -> #DIV/0! | I5: ='Sheet 2. County Level Data'!$T$12+(0.3333333333*10000000*('Formula Calculations (LOCKED)'!H5/'Formula Calculations (LOCKED)'!$H$2))+(0.3333333333*10000000*('Formula Calculations (LOCKED)'!D5/'Formula Calculations (LOCKED)'!$D$2)) -> #DIV/0! | J5: ='Sheet 2. County Level Data'!$T$13+(0.25*10000000*('Formula Calculations (LOCKED)'!H5/'Formula Calculations (LOCKED)'!$H$2))+(0.25*10000000*('Formula Calculations (LOCKED)'!D5/'Formula Calculations (LOCKED)'!$D$2))+(0.25*10000000*('Formula Calculations (LOCKED)'!L5/'Formula Calculations (LOCKED)'!$L$2)) -> #DIV/0! | K5: ='Sheet 2. County Level Data'!$T$13+(0.25*10000000*('Formula Calculations (LOCKED)'!H5/'Formula Calculations (LOCKED)'!$H$2))+(0.25*10000000*('Formula Calculations (LOCKED)'!D5/'Formula Calculations (LOCKED)'!$D$2))+(0.25*10000000*('Formula Calculations (LOCKED)'!O5/'Formula Calculations (LOCKED)'!$O$2)) -> #DIV/0! | L5: =IF('Formula Calculations (LOCKED)'!$G5=1,('Sheet 2. County Level Data'!$P$12*('Formula Calculations (LOCKED)'!K5/'Formula Calculations (LOCKED)'!$K$2)),((10000000-'Sheet 2. County Level Data'!$P$12)*'Formula Calculations (LOCKED)'!J5/'Formula Calculations (LOCKED)'!$J$2)) -> #DIV/0! | M5: =IF('Formula Calculations (LOCKED)'!$G5=1,((0.5*'Sheet 2. County Level Data'!$P$12)*('Formula Calculations (LOCKED)'!K5/'Formula Calculations (LOCKED)'!$K$2))+((0.5*'Sheet 2. County Level Data'!$P$12)*('Formula Calculations (LOCKED)'!N5/'Formula Calculations (LOCKED)'!$N$2)),((0.5*(10000000-'Sheet 2. County Level Data'!$P$12))*('Formula Calculations (LOCKED)'!J5/'Formula Calculations (LOCKED)'!$J$2))+((0.5*(10000000-'Sheet 2. County Level Data'!$P$12))*('Formula Calculations (LOCKED)'!M5/'Formula Calculations (LOCKED)'!$M$2))) -> #DIV/0! | N5: =IF('Formula Calculations (LOCKED)'!$G5=1,((0.5*'Sheet 2. County Level Data'!$P$12)*('Formula Calculations (LOCKED)'!K5/'Formula Calculations (LOCKED)'!$K$2))+((0.5*'Sheet 2. County Level Data'!$P$12)*('Formula Calculations (LOCKED)'!R5/'Formula Calculations (LOCKED)'!$R$2)),((0.5*(10000000-'Sheet 2. County Level Data'!$P$12))*('Formula Calculations (LOCKED)'!J5/'Formula Calculations (LOCKED)'!$J$2))+((0.5*(10000000-'Sheet 2. County Level Data'!$P$12))*('Formula Calculations (LOCKED)'!Q5/'Formula Calculations (LOCKED)'!$Q$2))) -> #DIV/0!
A6: ='Sheet 2. County Level Data'!A4 -> 0 | B6: =('Formula Calculations (LOCKED)'!C6*'Sheet 2. County Level Data'!$P$4) -> #DIV/0! | C6: ='Formula Calculations (LOCKED)'!H6/'Formula Calculations (LOCKED)'!$H$2*'Sheet 2. County Level Data'!$P$4 -> #DIV/0! | D6: =('Formula Calculations (LOCKED)'!L6/'Formula Calculations (LOCKED)'!$L$2)*'Sheet 2. County Level Data'!$P$4 -> #DIV/0! | E6: =('Formula Calculations (LOCKED)'!O6/'Formula Calculations (LOCKED)'!$O$2)*'Sheet 2. County Level Data'!$P$4 -> #DIV/0! | F6: =('Formula Calculations (LOCKED)'!D6/'Formula Calculations (LOCKED)'!$D$2)*'Sheet 2. County Level Data'!$P$4 -> #DIV/0! | G6: ='Sheet 2. County Level Data'!$T$11+(0.5*10000000)*'Formula Calculations (LOCKED)'!H6/'Formula Calculations (LOCKED)'!$H$2 -> #DIV/0! | H6: =(0.5*10000000)*'Formula Calculations (LOCKED)'!H6/'Formula Calculations (LOCKED)'!$H$2+(0.5*10000000)*'Formula Calculations (LOCKED)'!D6/'Formula Calculations (LOCKED)'!$D$2 -> #DIV/0! | I6: ='Sheet 2. County Level Data'!$T$12+(0.3333333333*10000000*('Formula Calculations (LOCKED)'!H6/'Formula Calculations (LOCKED)'!$H$2))+(0.3333333333*10000000*('Formula Calculations (LOCKED)'!D6/'Formula Calculations (LOCKED)'!$D$2)) -> #DIV/0! | J6: ='Sheet 2. County Level Data'!$T$13+(0.25*10000000*('Formula Calculations (LOCKED)'!H6/'Formula Calculations (LOCKED)'!$H$2))+(0.25*10000000*('Formula Calculations (LOCKED)'!D6/'Formula Calculations (LOCKED)'!$D$2))+(0.25*10000000*('Formula Calculations (LOCKED)'!L6/'Formula Calculations (LOCKED)'!$L$2)) -> #DIV/0! | K6: ='Sheet 2. County Level Data'!$T$13+(0.25*10000000*('Formula Calculations (LOCKED)'!H6/'Formula Calculations (LOCKED)'!$H$2))+(0.25*10000000*('Formula Calculations (LOCKED)'!D6/'Formula Calculations (LOCKED)'!$D$2))+(0.25*10000000*('Formula Calculations (LOCKED)'!O6/'Formula Calculations (LOCKED)'!$O$2)) -> #DIV/0! | L6: =IF('Formula Calculations (LOCKED)'!$G6=1,('Sheet 2. County Level Data'!$P$12*('Formula Calculations (LOCKED)'!K6/'Formula Calculations (LOCKED)'!$K$2)),((10000000-'Sheet 2. County Level Data'!$P$12)*'Formula Calculations (LOCKED)'!J6/'Formula Calculations (LOCKED)'!$J$2)) -> #DIV/0! | M6: =IF('Formula Calculations (LOCKED)'!$G6=1,((0.5*'Sheet 2. County Level Data'!$P$12)*('Formula Calculations (LOCKED)'!K6/'Formula Calculations (LOCKED)'!$K$2))+((0.5*'Sheet 2. County Level Data'!$P$12)*('Formula Calculations (LOCKED)'!N6/'Formula Calculations (LOCKED)'!$N$2)),((0.5*(10000000-'Sheet 2. County Level Data'!$P$12))*('Formula Calculations (LOCKED)'!J6/'Formula Calculations (LOCKED)'!$J$2))+((0.5*(10000000-'Sheet 2. County Level Data'!$P$12))*('Formula Calculations (LOCKED)'!M6/'Formula Calculations (LOCKED)'!$M$2))) -> #DIV/0! | N6: =IF('Formula Calculations (LOCKED)'!$G6=1,((0.5*'Sheet 2. County Level Data'!$P$12)*('Formula Calculations (LOCKED)'!K6/'Formula Calculations (LOCKED)'!$K$2))+((0.5*'Sheet 2. County Level Data'!$P$12)*('Formula Calculations (LOCKED)'!R6/'Formula Calculations (LOCKED)'!$R$2)),((0.5*(10000000-'Sheet 2. County Level Data'!$P$12))*('Formula Calculations (LOCKED)'!J6/'Formula Calculations (LOCKED)'!$J$2))+((0.5*(10000000-'Sheet 2. County Level Data'!$P$12))*('Formula Calculations (LOCKED)'!Q6/'Formula Calculations (LOCKED)'!$Q$2))) -> #DIV/0!
A7: ='Sheet 2. County Level Data'!A5 -> 0 | B7: =('Formula Calculations (LOCKED)'!C7*'Sheet 2. County Level Data'!$P$4) -> #DIV/0! | C7: ='Formula Calculations (LOCKED)'!H7/'Formula Calculations (LOCKED)'!$H$2*'Sheet 2. County Level Data'!$P$4 -> #DIV/0! | D7: =('Formula Calculations (LOCKED)'!L7/'Formula Calculations (LOCKED)'!$L$2)*'Sheet 2. County Level Data'!$P$4 -> #DIV/0! | E7: =('Formula Calculations (LOCKED)'!O7/'Formula Calculations (LOCKED)'!$O$2)*'Sheet 2. County Level Data'!$P$4 -> #DIV/0! | F7: =('Formula Calculations (LOCKED)'!D7/'Formula Calculations (LOCKED)'!$D$2)*'Sheet 2. County Level Data'!$P$4 -> #DIV/0! | G7: ='Sheet 2. County Level Data'!$T$11+(0.5*10000000)*'Formula Calculations (LOCKED)'!H7/'Formula Calculations (LOCKED)'!$H$2 -> #DIV/0! | H7: =(0.5*10000000)*'Formula Calculations (LOCKED)'!H7/'Formula Calculations (LOCKED)'!$H$2+(0.5*10000000)*'Formula Calculations (LOCKED)'!D7/'Formula Calculations (LOCKED)'!$D$2 -> #DIV/0! | I7: ='Sheet 2. County Level Data'!$T$12+(0.3333333333*10000000*('Formula Calculations (LOCKED)'!H7/'Formula Calculations (LOCKED)'!$H$2))+(0.3333333333*10000000*('Formula Calculations (LOCKED)'!D7/'Formula Calculations (LOCKED)'!$D$2)) -> #DIV/0! | J7: ='Sheet 2. County Level Data'!$T$13+(0.25*10000000*('Formula Calculations (LOCKED)'!H7/'Formula Calculations (LOCKED)'!$H$2))+(0.25*10000000*('Formula Calculations (LOCKED)'!D7/'Formula Calculations (LOCKED)'!$D$2))+(0.25*10000000*('Formula Calculations (LOCKED)'!L7/'Formula Calculations (LOCKED)'!$L$2)) -> #DIV/0! | K7: ='Sheet 2. County Level Data'!$T$13+(0.25*10000000*('Formula Calculations (LOCKED)'!H7/'Formula Calculations (LOCKED)'!$H$2))+(0.25*10000000*('Formula Calculations (LOCKED)'!D7/'Formula Calculations (LOCKED)'!$D$2))+(0.25*10000000*('Formula Calculations (LOCKED)'!O7/'Formula Calculations (LOCKED)'!$O$2)) -> #DIV/0! | L7: =IF('Formula Calculations (LOCKED)'!$G7=1,('Sheet 2. County Level Data'!$P$12*('Formula Calculations (LOCKED)'!K7/'Formula Calculations (LOCKED)'!$K$2)),((10000000-'Sheet 2. County Level Data'!$P$12)*'Formula Calculations (LOCKED)'!J7/'Formula Calculations (LOCKED)'!$J$2)) -> #DIV/0! | M7: =IF('Formula Calculations (LOCKED)'!$G7=1,((0.5*'Sheet 2. County Level Data'!$P$12)*('Formula Calculations (LOCKED)'!K7/'Formula Calculations (LOCKED)'!$K$2))+((0.5*'Sheet 2. County Level Data'!$P$12)*('Formula Calculations (LOCKED)'!N7/'Formula Calculations (LOCKED)'!$N$2)),((0.5*(10000000-'Sheet 2. County Level Data'!$P$12))*('Formula Calculations (LOCKED)'!J7/'Formula Calculations (LOCKED)'!$J$2))+((0.5*(10000000-'Sheet 2. County Level Data'!$P$12))*('Formula Calculations (LOCKED)'!M7/'Formula Calculations (LOCKED)'!$M$2))) -> #DIV/0! | N7: =IF('Formula Calculations (LOCKED)'!$G7=1,((0.5*'Sheet 2. County Level Data'!$P$12)*('Formula Calculations (LOCKED)'!K7/'Formula Calculations (LOCKED)'!$K$2))+((0.5*'Sheet 2. County Level Data'!$P$12)*('Formula Calculations (LOCKED)'!R7/'Formula Calculations (LOCKED)'!$R$2)),((0.5*(10000000-'Sheet 2. County Level Data'!$P$12))*('Formula Calculations (LOCKED)'!J7/'Formula Calculations (LOCKED)'!$J$2))+((0.5*(10000000-'Sheet 2. County Level Data'!$P$12))*('Formula Calculations (LOCKED)'!Q7/'Formula Calculations (LOCKED)'!$Q$2))) -> #DIV/0!
A8: ='Sheet 2. County Level Data'!A6 -> 0 | B8: =('Formula Calculations (LOCKED)'!C8*'Sheet 2. County Level Data'!$P$4) -> #DIV/0! | C8: ='Formula Calculations (LOCKED)'!H8/'Formula Calculations (LOCKED)'!$H$2*'Sheet 2. County Level Data'!$P$4 -> #DIV/0! | D8: =('Formula Calculations (LOCKED)'!L8/'Formula Calculations (LOCKED)'!$L$2)*'Sheet 2. County Level Data'!$P$4 -> #DIV/0! | E8: =('Formula Calculations (LOCKED)'!O8/'Formula Calculations (LOCKED)'!$O$2)*'Sheet 2. County Level Data'!$P$4 -> #DIV/0! | F8: =('Formula Calculations (LOCKED)'!D8/'Formula Calculations (LOCKED)'!$D$2)*'Sheet 2. County Level Data'!$P$4 -> #DIV/0! | G8: ='Sheet 2. County Level Data'!$T$11+(0.5*10000000)*'Formula Calculations (LOCKED)'!H8/'Formula Calculations (LOCKED)'!$H$2 -> #DIV/0! | H8: =(0.5*10000000)*'Formula Calculations (LOCKED)'!H8/'Formula Calculations (LOCKED)'!$H$2+(0.5*10000000)*'Formula Calculations (LOCKED)'!D8/'Formula Calculations (LOCKED)'!$D$2 -> #DIV/0! | I8: ='Sheet 2. County Level Data'!$T$12+(0.3333333333*10000000*('Formula Calculations (LOCKED)'!H8/'Formula Calculations (LOCKED)'!$H$2))+(0.3333333333*10000000*('Formula Calculations (LOCKED)'!D8/'Formula Calculations (LOCKED)'!$D$2)) -> #DIV/0! | J8: ='Sheet 2. County Level Data'!$T$13+(0.25*10000000*('Formula Calculations (LOCKED)'!H8/'Formula Calculations (LOCKED)'!$H$2))+(0.25*10000000*('Formula Calculations (LOCKED)'!D8/'Formula Calculations (LOCKED)'!$D$2))+(0.25*10000000*('Formula Calculations (LOCKED)'!L8/'Formula Calculations (LOCKED)'!$L$2)) -> #DIV/0! | K8: ='Sheet 2. County Level Data'!$T$13+(0.25*10000000*('Formula Calculations (LOCKED)'!H8/'Formula Calculations (LOCKED)'!$H$2))+(0.25*10000000*('Formula Calculations (LOCKED)'!D8/'Formula Calculations (LOCKED)'!$D$2))+(0.25*10000000*('Formula Calculations (LOCKED)'!O8/'Formula Calculations (LOCKED)'!$O$2)) -> #DIV/0! | L8: =IF('Formula Calculations (LOCKED)'!$G8=1,('Sheet 2. County Level Data'!$P$12*('Formula Calculations (LOCKED)'!K8/'Formula Calculations (LOCKED)'!$K$2)),((10000000-'Sheet 2. County Level Data'!$P$12)*'Formula Calculations (LOCKED)'!J8/'Formula Calculations (LOCKED)'!$J$2)) -> #DIV/0! | M8: =IF('Formula Calculations (LOCKED)'!$G8=1,((0.5*'Sheet 2. County Level Data'!$P$12)*('Formula Calculations (LOCKED)'!K8/'Formula Calculations (LOCKED)'!$K$2))+((0.5*'Sheet 2. County Level Data'!$P$12)*('Formula Calculations (LOCKED)'!N8/'Formula Calculations (LOCKED)'!$N$2)),((0.5*(10000000-'Sheet 2. County Level Data'!$P$12))*('Formula Calculations (LOCKED)'!J8/'Formula Calculations (LOCKED)'!$J$2))+((0.5*(10000000-'Sheet 2. County Level Data'!$P$12))*('Formula Calculations (LOCKED)'!M8/'Formula Calculations (LOCKED)'!$M$2))) -> #DIV/0! | N8: =IF('Formula Calculations (LOCKED)'!$G8=1,((0.5*'Sheet 2. County Level Data'!$P$12)*('Formula Calculations (LOCKED)'!K8/'Formula Calculations (LOCKED)'!$K$2))+((0.5*'Sheet 2. County Level Data'!$P$12)*('Formula Calculations (LOCKED)'!R8/'Formula Calculations (LOCKED)'!$R$2)),((0.5*(10000000-'Sheet 2. County Level Data'!$P$12))*('Formula Calculations (LOCKED)'!J8/'Formula Calculations (LOCKED)'!$J$2))+((0.5*(10000000-'Sheet 2. County Level Data'!$P$12))*('Formula Calculations (LOCKED)'!Q8/'Formula Calculations (LOCKED)'!$Q$2))) -> #DIV/0!
A9: ='Sheet 2. County Level Data'!A7 -> 0 | B9: =('Formula Calculations (LOCKED)'!C9*'Sheet 2. County Level Data'!$P$4) -> #DIV/0! | C9: ='Formula Calculations (LOCKED)'!H9/'Formula Calculations (LOCKED)'!$H$2*'Sheet 2. County Level Data'!$P$4 -> #DIV/0! | D9: =('Formula Calculations (LOCKED)'!L9/'Formula Calculations (LOCKED)'!$L$2)*'Sheet 2. County Level Data'!$P$4 -> #DIV/0! | E9: =('Formula Calculations (LOCKED)'!O9/'Formula Calculations (LOCKED)'!$O$2)*'Sheet 2. County Level Data'!$P$4 -> #DIV/0! | F9: =('Formula Calculations (LOCKED)'!D9/'Formula Calculations (LOCKED)'!$D$2)*'Sheet 2. County Level Data'!$P$4 -> #DIV/0! | G9: ='Sheet 2. County Level Data'!$T$11+(0.5*10000000)*'Formula Calculations (LOCKED)'!H9/'Formula Calculations (LOCKED)'!$H$2 -> #DIV/0! | H9: =(0.5*10000000)*'Formula Calculations (LOCKED)'!H9/'Formula Calculations (LOCKED)'!$H$2+(0.5*10000000)*'Formula Calculations (LOCKED)'!D9/'Formula Calculations (LOCKED)'!$D$2 -> #DIV/0! | I9: ='Sheet 2. County Level Data'!$T$12+(0.3333333333*10000000*('Formula Calculations (LOCKED)'!H9/'Formula Calculations (LOCKED)'!$H$2))+(0.3333333333*10000000*('Formula Calculations (LOCKED)'!D9/'Formula Calculations (LOCKED)'!$D$2)) -> #DIV/0! | J9: ='Sheet 2. County Level Data'!$T$13+(0.25*10000000*('Formula Calculations (LOCKED)'!H9/'Formula Calculations (LOCKED)'!$H$2))+(0.25*10000000*('Formula Calculations (LOCKED)'!D9/'Formula Calculations (LOCKED)'!$D$2))+(0.25*10000000*('Formula Calculations (LOCKED)'!L9/'Formula Calculations (LOCKED)'!$L$2)) -> #DIV/0! | K9: ='Sheet 2. County Level Data'!$T$13+(0.25*10000000*('Formula Calculations (LOCKED)'!H9/'Formula Calculations (LOCKED)'!$H$2))+(0.25*10000000*('Formula Calculations (LOCKED)'!D9/'Formula Calculations (LOCKED)'!$D$2))+(0.25*10000000*('Formula Calculations (LOCKED)'!O9/'Formula Calculations (LOCKED)'!$O$2)) -> #DIV/0! | L9: =IF('Formula Calculations (LOCKED)'!$G9=1,('Sheet 2. County Level Data'!$P$12*('Formula Calculations (LOCKED)'!K9/'Formula Calculations (LOCKED)'!$K$2)),((10000000-'Sheet 2. County Level Data'!$P$12)*'Formula Calculations (LOCKED)'!J9/'Formula Calculations (LOCKED)'!$J$2)) -> #DIV/0! | M9: =IF('Formula Calculations (LOCKED)'!$G9=1,((0.5*'Sheet 2. County Level Data'!$P$12)*('Formula Calculations (LOCKED)'!K9/'Formula Calculations (LOCKED)'!$K$2))+((0.5*'Sheet 2. County Level Data'!$P$12)*('Formula Calculations (LOCKED)'!N9/'Formula Calculations (LOCKED)'!$N$2)),((0.5*(10000000-'Sheet 2. County Level Data'!$P$12))*('Formula Calculations (LOCKED)'!J9/'Formula Calculations (LOCKED)'!$J$2))+((0.5*(10000000-'Sheet 2. County Level Data'!$P$12))*('Formula Calculations (LOCKED)'!M9/'Formula Calculations (LOCKED)'!$M$2))) -> #DIV/0! | N9: =IF('Formula Calculations (LOCKED)'!$G9=1,((0.5*'Sheet 2. County Level Data'!$P$12)*('Formula Calculations (LOCKED)'!K9/'Formula Calculations (LOCKED)'!$K$2))+((0.5*'Sheet 2. County Level Data'!$P$12)*('Formula Calculations (LOCKED)'!R9/'Formula Calculations (LOCKED)'!$R$2)),((0.5*(10000000-'Sheet 2. County Level Data'!$P$12))*('Formula Calculations (LOCKED)'!J9/'Formula Calculations (LOCKED)'!$J$2))+((0.5*(10000000-'Sheet 2. County Level Data'!$P$12))*('Formula Calculations (LOCKED)'!Q9/'Formula Calculations (LOCKED)'!$Q$2))) -> #DIV/0!
A10: ='Sheet 2. County Level Data'!A8 -> 0 | B10: =('Formula Calculations (LOCKED)'!C10*'Sheet 2. County Level Data'!$P$4) -> #DIV/0! | C10: ='Formula Calculations (LOCKED)'!H10/'Formula Calculations (LOCKED)'!$H$2*'Sheet 2. County Level Data'!$P$4 -> #DIV/0! | D10: =('Formula Calculations (LOCKED)'!L10/'Formula Calculations (LOCKED)'!$L$2)*'Sheet 2. County Level Data'!$P$4 -> #DIV/0! | E10: =('Formula Calculations (LOCKED)'!O10/'Formula Calculations (LOCKED)'!$O$2)*'Sheet 2. County Level Data'!$P$4 -> #DIV/0! | F10: =('Formula Calculations (LOCKED)'!D10/'Formula Calculations (LOCKED)'!$D$2)*'Sheet 2. County Level Data'!$P$4 -> #DIV/0! | G10: ='Sheet 2. County Level Data'!$T$11+(0.5*10000000)*'Formula Calculations (LOCKED)'!H10/'Formula Calculations (LOCKED)'!$H$2 -> #DIV/0! | H10: =(0.5*10000000)*'Formula Calculations (LOCKED)'!H10/'Formula Calculations (LOCKED)'!$H$2+(0.5*10000000)*'Formula Calculations (LOCKED)'!D10/'Formula Calculations (LOCKED)'!$D$2 -> #DIV/0! | I10: ='Sheet 2. County Level Data'!$T$12+(0.3333333333*10000000*('Formula Calculations (LOCKED)'!H10/'Formula Calculations (LOCKED)'!$H$2))+(0.3333333333*10000000*('Formula Calculations (LOCKED)'!D10/'Formula Calculations (LOCKED)'!$D$2)) -> #DIV/0! | J10: ='Sheet 2. County Level Data'!$T$13+(0.25*10000000*('Formula Calculations (LOCKED)'!H10/'Formula Calculations (LOCKED)'!$H$2))+(0.25*10000000*('Formula Calculations (LOCKED)'!D10/'Formula Calculations (LOCKED)'!$D$2))+(0.25*10000000*('Formula Calculations (LOCKED)'!L10/'Formula Calculations (LOCKED)'!$L$2)) -> #DIV/0! | K10: ='Sheet 2. County Level Data'!$T$13+(0.25*10000000*('Formula Calculations (LOCKED)'!H10/'Formula Calculations (LOCKED)'!$H$2))+(0.25*10000000*('Formula Calculations (LOCKED)'!D10/'Formula Calculations (LOCKED)'!$D$2))+(0.25*10000000*('Formula Calculations (LOCKED)'!O10/'Formula Calculations (LOCKED)'!$O$2)) -> #DIV/0! | L10: =IF('Formula Calculations (LOCKED)'!$G10=1,('Sheet 2. County Level Data'!$P$12*('Formula Calculations (LOCKED)'!K10/'Formula Calculations (LOCKED)'!$K$2)),((10000000-'Sheet 2. County Level Data'!$P$12)*'Formula Calculations (LOCKED)'!J10/'Formula Calculations (LOCKED)'!$J$2)) -> #DIV/0! | M10: =IF('Formula Calculations (LOCKED)'!$G10=1,((0.5*'Sheet 2. County Level Data'!$P$12)*('Formula Calculations (LOCKED)'!K10/'Formula Calculations (LOCKED)'!$K$2))+((0.5*'Sheet 2. County Level Data'!$P$12)*('Formula Calculations (LOCKED)'!N10/'Formula Calculations (LOCKED)'!$N$2)),((0.5*(10000000-'Sheet 2. County Level Data'!$P$12))*('Formula Calculations (LOCKED)'!J10/'Formula Calculations (LOCKED)'!$J$2))+((0.5*(10000000-'Sheet 2. County Level Data'!$P$12))*('Formula Calculations (LOCKED)'!M10/'Formula Calculations (LOCKED)'!$M$2))) -> #DIV/0! | N10: =IF('Formula Calculations (LOCKED)'!$G10=1,((0.5*'Sheet 2. County Level Data'!$P$12)*('Formula Calculations (LOCKED)'!K10/'Formula Calculations (LOCKED)'!$K$2))+((0.5*'Sheet 2. County Level Data'!$P$12)*('Formula Calculations (LOCKED)'!R10/'Formula Calculations (LOCKED)'!$R$2)),((0.5*(10000000-'Sheet 2. County Level Data'!$P$12))*('Formula Calculations (LOCKED)'!J10/'Formula Calculations (LOCKED)'!$J$2))+((0.5*(10000000-'Sheet 2. County Level Data'!$P$12))*('Formula Calculations (LOCKED)'!Q10/'Formula Calculations (LOCKED)'!$Q$2))) -> #DIV/0!
A11: ='Sheet 2. County Level Data'!A9 -> 0 | B11: =('Formula Calculations (LOCKED)'!C11*'Sheet 2. County Level Data'!$P$4) -> #DIV/0! | C11: ='Formula Calculations (LOCKED)'!H11/'Formula Calculations (LOCKED)'!$H$2*'Sheet 2. County Level Data'!$P$4 -> #DIV/0! | D11: =('Formula Calculations (LOCKED)'!L11/'Formula Calculations (LOCKED)'!$L$2)*'Sheet 2. County Level Data'!$P$4 -> #DIV/0! | E11: =('Formula Calculations (LOCKED)'!O11/'Formula Calculations (LOCKED)'!$O$2)*'Sheet 2. County Level Data'!$P$4 -> #DIV/0! | F11: =('Formula Calculations (LOCKED)'!D11/'Formula Calculations (LOCKED)'!$D$2)*'Sheet 2. County Level Data'!$P$4 -> #DIV/0! | G11: ='Sheet 2. County Level Data'!$T$11+(0.5*10000000)*'Formula Calculations (LOCKED)'!H11/'Formula Calculations (LOCKED)'!$H$2 -> #DIV/0! | H11: =(0.5*10000000)*'Formula Calculations (LOCKED)'!H11/'Formula Calculations (LOCKED)'!$H$2+(0.5*10000000)*'Formula Calculations (LOCKED)'!D11/'Formula Calculations (LOCKED)'!$D$2 -> #DIV/0! | I11: ='Sheet 2. County Level Data'!$T$12+(0.3333333333*10000000*('Formula Calculations (LOCKED)'!H11/'Formula Calculations (LOCKED)'!$H$2))+(0.3333333333*10000000*('Formula Calculations (LOCKED)'!D11/'Formula Calculations (LOCKED)'!$D$2)) -> #DIV/0! | J11: ='Sheet 2. County Level Data'!$T$13+(0.25*10000000*('Formula Calculations (LOCKED)'!H11/'Formula Calculations (LOCKED)'!$H$2))+(0.25*10000000*('Formula Calculations (LOCKED)'!D11/'Formula Calculations (LOCKED)'!$D$2))+(0.25*10000000*('Formula Calculations (LOCKED)'!L11/'Formula Calculations (LOCKED)'!$L$2)) -> #DIV/0! | K11: ='Sheet 2. County Level Data'!$T$13+(0.25*10000000*('Formula Calculations (LOCKED)'!H11/'Formula Calculations (LOCKED)'!$H$2))+(0.25*10000000*('Formula Calculations (LOCKED)'!D11/'Formula Calculations (LOCKED)'!$D$2))+(0.25*10000000*('Formula Calculations (LOCKED)'!O11/'Formula Calculations (LOCKED)'!$O$2)) -> #DIV/0! | L11: =IF('Formula Calculations (LOCKED)'!$G11=1,('Sheet 2. County Level Data'!$P$12*('Formula Calculations (LOCKED)'!K11/'Formula Calculations (LOCKED)'!$K$2)),((10000000-'Sheet 2. County Level Data'!$P$12)*'Formula Calculations (LOCKED)'!J11/'Formula Calculations (LOCKED)'!$J$2)) -> #DIV/0! | M11: =IF('Formula Calculations (LOCKED)'!$G11=1,((0.5*'Sheet 2. County Level Data'!$P$12)*('Formula Calculations (LOCKED)'!K11/'Formula Calculations (LOCKED)'!$K$2))+((0.5*'Sheet 2. County Level Data'!$P$12)*('Formula Calculations (LOCKED)'!N11/'Formula Calculations (LOCKED)'!$N$2)),((0.5*(10000000-'Sheet 2. County Level Data'!$P$12))*('Formula Calculations (LOCKED)'!J11/'Formula Calculations (LOCKED)'!$J$2))+((0.5*(10000000-'Sheet 2. County Level Data'!$P$12))*('Formula Calculations (LOCKED)'!M11/'Formula Calculations (LOCKED)'!$M$2))) -> #DIV/0! | N11: =IF('Formula Calculations (LOCKED)'!$G11=1,((0.5*'Sheet 2. County Level Data'!$P$12)*('Formula Calculations (LOCKED)'!K11/'Formula Calculations (LOCKED)'!$K$2))+((0.5*'Sheet 2. County Level Data'!$P$12)*('Formula Calculations (LOCKED)'!R11/'Formula Calculations (LOCKED)'!$R$2)),((0.5*(10000000-'Sheet 2. County Level Data'!$P$12))*('Formula Calculations (LOCKED)'!J11/'Formula Calculations (LOCKED)'!$J$2))+((0.5*(10000000-'Sheet 2. County Level Data'!$P$12))*('Formula Calculations (LOCKED)'!Q11/'Formula Calculations (LOCKED)'!$Q$2))) -> #DIV/0!
A12: ='Sheet 2. County Level Data'!A10 -> 0 | B12: =('Formula Calculations (LOCKED)'!C12*'Sheet 2. County Level Data'!$P$4) -> #DIV/0! | C12: ='Formula Calculations (LOCKED)'!H12/'Formula Calculations (LOCKED)'!$H$2*'Sheet 2. County Level Data'!$P$4 -> #DIV/0! | D12: =('Formula Calculations (LOCKED)'!L12/'Formula Calculations (LOCKED)'!$L$2)*'Sheet 2. County Level Data'!$P$4 -> #DIV/0! | E12: =('Formula Calculations (LOCKED)'!O12/'Formula Calculations (LOCKED)'!$O$2)*'Sheet 2. County Level Data'!$P$4 -> #DIV/0! | F12: =('Formula Calculations (LOCKED)'!D12/'Formula Calculations (LOCKED)'!$D$2)*'Sheet 2. County Level Data'!$P$4 -> #DIV/0! | G12: ='Sheet 2. County Level Data'!$T$11+(0.5*10000000)*'Formula Calculations (LOCKED)'!H12/'Formula Calculations (LOCKED)'!$H$2 -> #DIV/0! | H12: =(0.5*10000000)*'Formula Calculations (LOCKED)'!H12/'Formula Calculations (LOCKED)'!$H$2+(0.5*10000000)*'Formula Calculations (LOCKED)'!D12/'Formula Calculations (LOCKED)'!$D$2 -> #DIV/0! | I12: ='Sheet 2. County Level Data'!$T$12+(0.3333333333*10000000*('Formula Calculations (LOCKED)'!H12/'Formula Calculations (LOCKED)'!$H$2))+(0.3333333333*10000000*('Formula Calculations (LOCKED)'!D12/'Formula Calculations (LOCKED)'!$D$2)) -> #DIV/0! | J12: ='Sheet 2. County Level Data'!$T$13+(0.25*10000000*('Formula Calculations (LOCKED)'!H12/'Formula Calculations (LOCKED)'!$H$2))+(0.25*10000000*('Formula Calculations (LOCKED)'!D12/'Formula Calculations (LOCKED)'!$D$2))+(0.25*10000000*('Formula Calculations (LOCKED)'!L12/'Formula Calculations (LOCKED)'!$L$2)) -> #DIV/0! | K12: ='Sheet 2. County Level Data'!$T$13+(0.25*10000000*('Formula Calculations (LOCKED)'!H12/'Formula Calculations (LOCKED)'!$H$2))+(0.25*10000000*('Formula Calculations (LOCKED)'!D12/'Formula Calculations (LOCKED)'!$D$2))+(0.25*10000000*('Formula Calculations (LOCKED)'!O12/'Formula Calculations (LOCKED)'!$O$2)) -> #DIV/0! | L12: =IF('Formula Calculations (LOCKED)'!$G12=1,('Sheet 2. County Level Data'!$P$12*('Formula Calculations (LOCKED)'!K12/'Formula Calculations (LOCKED)'!$K$2)),((10000000-'Sheet 2. County Level Data'!$P$12)*'Formula Calculations (LOCKED)'!J12/'Formula Calculations (LOCKED)'!$J$2)) -> #DIV/0! | M12: =IF('Formula Calculations (LOCKED)'!$G12=1,((0.5*'Sheet 2. County Level Data'!$P$12)*('Formula Calculations (LOCKED)'!K12/'Formula Calculations (LOCKED)'!$K$2))+((0.5*'Sheet 2. County Level Data'!$P$12)*('Formula Calculations (LOCKED)'!N12/'Formula Calculations (LOCKED)'!$N$2)),((0.5*(10000000-'Sheet 2. County Level Data'!$P$12))*('Formula Calculations (LOCKED)'!J12/'Formula Calculations (LOCKED)'!$J$2))+((0.5*(10000000-'Sheet 2. County Level Data'!$P$12))*('Formula Calculations (LOCKED)'!M12/'Formula Calculations (LOCKED)'!$M$2))) -> #DIV/0! | N12: =IF('Formula Calculations (LOCKED)'!$G12=1,((0.5*'Sheet 2. County Level Data'!$P$12)*('Formula Calculations (LOCKED)'!K12/'Formula Calculations (LOCKED)'!$K$2))+((0.5*'Sheet 2. County Level Data'!$P$12)*('Formula Calculations (LOCKED)'!R12/'Formula Calculations (LOCKED)'!$R$2)),((0.5*(10000000-'Sheet 2. County Level Data'!$P$12))*('Formula Calculations (LOCKED)'!J12/'Formula Calculations (LOCKED)'!$J$2))+((0.5*(10000000-'Sheet 2. County Level Data'!$P$12))*('Formula Calculations (LOCKED)'!Q12/'Formula Calculations (LOCKED)'!$Q$2))) -> #DIV/0!
A13: ='Sheet 2. County Level Data'!A11 -> 0 | B13: =('Formula Calculations (LOCKED)'!C13*'Sheet 2. County Level Data'!$P$4) -> #DIV/0! | C13: ='Formula Calculations (LOCKED)'!H13/'Formula Calculations (LOCKED)'!$H$2*'Sheet 2. County Level Data'!$P$4 -> #DIV/0! | D13: =('Formula Calculations (LOCKED)'!L13/'Formula Calculations (LOCKED)'!$L$2)*'Sheet 2. County Level Data'!$P$4 -> #DIV/0! | E13: =('Formula Calculations (LOCKED)'!O13/'Formula Calculations (LOCKED)'!$O$2)*'Sheet 2. County Level Data'!$P$4 -> #DIV/0! | F13: =('Formula Calculations (LOCKED)'!D13/'Formula Calculations (LOCKED)'!$D$2)*'Sheet 2. County Level Data'!$P$4 -> #DIV/0! | G13: ='Sheet 2. County Level Data'!$T$11+(0.5*10000000)*'Formula Calculations (LOCKED)'!H13/'Formula Calculations (LOCKED)'!$H$2 -> #DIV/0! | H13: =(0.5*10000000)*'Formula Calculations (LOCKED)'!H13/'Formula Calculations (LOCKED)'!$H$2+(0.5*10000000)*'Formula Calculations (LOCKED)'!D13/'Formula Calculations (LOCKED)'!$D$2 -> #DIV/0! | I13: ='Sheet 2. County Level Data'!$T$12+(0.3333333333*10000000*('Formula Calculations (LOCKED)'!H13/'Formula Calculations (LOCKED)'!$H$2))+(0.3333333333*10000000*('Formula Calculations (LOCKED)'!D13/'Formula Calculations (LOCKED)'!$D$2)) -> #DIV/0! | J13: ='Sheet 2. County Level Data'!$T$13+(0.25*10000000*('Formula Calculations (LOCKED)'!H13/'Formula Calculations (LOCKED)'!$H$2))+(0.25*10000000*('Formula Calculations (LOCKED)'!D13/'Formula Calculations (LOCKED)'!$D$2))+(0.25*10000000*('Formula Calculations (LOCKED)'!L13/'Formula Calculations (LOCKED)'!$L$2)) -> #DIV/0! | K13: ='Sheet 2. County Level Data'!$T$13+(0.25*10000000*('Formula Calculations (LOCKED)'!H13/'Formula Calculations (LOCKED)'!$H$2))+(0.25*10000000*('Formula Calculations (LOCKED)'!D13/'Formula Calculations (LOCKED)'!$D$2))+(0.25*10000000*('Formula Calculations (LOCKED)'!O13/'Formula Calculations (LOCKED)'!$O$2)) -> #DIV/0! | L13: =IF('Formula Calculations (LOCKED)'!$G13=1,('Sheet 2. County Level Data'!$P$12*('Formula Calculations (LOCKED)'!K13/'Formula Calculations (LOCKED)'!$K$2)),((10000000-'Sheet 2. County Level Data'!$P$12)*'Formula Calculations (LOCKED)'!J13/'Formula Calculations (LOCKED)'!$J$2)) -> #DIV/0! | M13: =IF('Formula Calculations (LOCKED)'!$G13=1,((0.5*'Sheet 2. County Level Data'!$P$12)*('Formula Calculations (LOCKED)'!K13/'Formula Calculations (LOCKED)'!$K$2))+((0.5*'Sheet 2. County Level Data'!$P$12)*('Formula Calculations (LOCKED)'!N13/'Formula Calculations (LOCKED)'!$N$2)),((0.5*(10000000-'Sheet 2. County Level Data'!$P$12))*('Formula Calculations (LOCKED)'!J13/'Formula Calculations (LOCKED)'!$J$2))+((0.5*(10000000-'Sheet 2. County Level Data'!$P$12))*('Formula Calculations (LOCKED)'!M13/'Formula Calculations (LOCKED)'!$M$2))) -> #DIV/0! | N13: =IF('Formula Calculations (LOCKED)'!$G13=1,((0.5*'Sheet 2. County Level Data'!$P$12)*('Formula Calculations (LOCKED)'!K13/'Formula Calculations (LOCKED)'!$K$2))+((0.5*'Sheet 2. County Level Data'!$P$12)*('Formula Calculations (LOCKED)'!R13/'Formula Calculations (LOCKED)'!$R$2)),((0.5*(10000000-'Sheet 2. County Level Data'!$P$12))*('Formula Calculations (LOCKED)'!J13/'Formula Calculations (LOCKED)'!$J$2))+((0.5*(10000000-'Sheet 2. County Level Data'!$P$12))*('Formula Calculations (LOCKED)'!Q13/'Formula Calculations (LOCKED)'!$Q$2))) -> #DIV/0!
A14: ='Sheet 2. County Level Data'!A12 -> 0 | B14: =('Formula Calculations (LOCKED)'!C14*'Sheet 2. County Level Data'!$P$4) -> #DIV/0! | C14: ='Formula Calculations (LOCKED)'!H14/'Formula Calculations (LOCKED)'!$H$2*'Sheet 2. County Level Data'!$P$4 -> #DIV/0! | D14: =('Formula Calculations (LOCKED)'!L14/'Formula Calculations (LOCKED)'!$L$2)*'Sheet 2. County Level Data'!$P$4 -> #DIV/0! | E14: =('Formula Calculations (LOCKED)'!O14/'Formula Calculations (LOCKED)'!$O$2)*'Sheet 2. County Level Data'!$P$4 -> #DIV/0! | F14: =('Formula Calculations (LOCKED)'!D14/'Formula Calculations (LOCKED)'!$D$2)*'Sheet 2. County Level Data'!$P$4 -> #DIV/0! | G14: ='Sheet 2. County Level Data'!$T$11+(0.5*10000000)*'Formula Calculations (LOCKED)'!H14/'Formula Calculations (LOCKED)'!$H$2 -> #DIV/0! | H14: =(0.5*10000000)*'Formula Calculations (LOCKED)'!H14/'Formula Calculations (LOCKED)'!$H$2+(0.5*10000000)*'Formula Calculations (LOCKED)'!D14/'Formula Calculations (LOCKED)'!$D$2 -> #DIV/0! | I14: ='Sheet 2. County Level Data'!$T$12+(0.3333333333*10000000*('Formula Calculations (LOCKED)'!H14/'Formula Calculations (LOCKED)'!$H$2))+(0.3333333333*10000000*('Formula Calculations (LOCKED)'!D14/'Formula Calculations (LOCKED)'!$D$2)) -> #DIV/0! | J14: ='Sheet 2. County Level Data'!$T$13+(0.25*10000000*('Formula Calculations (LOCKED)'!H14/'Formula Calculations (LOCKED)'!$H$2))+(0.25*10000000*('Formula Calculations (LOCKED)'!D14/'Formula Calculations (LOCKED)'!$D$2))+(0.25*10000000*('Formula Calculations (LOCKED)'!L14/'Formula Calculations (LOCKED)'!$L$2)) -> #DIV/0! | K14: ='Sheet 2. County Level Data'!$T$13+(0.25*10000000*('Formula Calculations (LOCKED)'!H14/'Formula Calculations (LOCKED)'!$H$2))+(0.25*10000000*('Formula Calculations (LOCKED)'!D14/'Formula Calculations (LOCKED)'!$D$2))+(0.25*10000000*('Formula Calculations (LOCKED)'!O14/'Formula Calculations (LOCKED)'!$O$2)) -> #DIV/0! | L14: =IF('Formula Calculations (LOCKED)'!$G14=1,('Sheet 2. County Level Data'!$P$12*('Formula Calculations (LOCKED)'!K14/'Formula Calculations (LOCKED)'!$K$2)),((10000000-'Sheet 2. County Level Data'!$P$12)*'Formula Calculations (LOCKED)'!J14/'Formula Calculations (LOCKED)'!$J$2)) -> #DIV/0! | M14: =IF('Formula Calculations (LOCKED)'!$G14=1,((0.5*'Sheet 2. County Level Data'!$P$12)*('Formula Calculations (LOCKED)'!K14/'Formula Calculations (LOCKED)'!$K$2))+((0.5*'Sheet 2. County Level Data'!$P$12)*('Formula Calculations (LOCKED)'!N14/'Formula Calculations (LOCKED)'!$N$2)),((0.5*(10000000-'Sheet 2. County Level Data'!$P$12))*('Formula Calculations (LOCKED)'!J14/'Formula Calculations (LOCKED)'!$J$2))+((0.5*(10000000-'Sheet 2. County Level Data'!$P$12))*('Formula Calculations (LOCKED)'!M14/'Formula Calculations (LOCKED)'!$M$2))) -> #DIV/0! | N14: =IF('Formula Calculations (LOCKED)'!$G14=1,((0.5*'Sheet 2. County Level Data'!$P$12)*('Formula Calculations (LOCKED)'!K14/'Formula Calculations (LOCKED)'!$K$2))+((0.5*'Sheet 2. County Level Data'!$P$12)*('Formula Calculations (LOCKED)'!R14/'Formula Calculations (LOCKED)'!$R$2)),((0.5*(10000000-'Sheet 2. County Level Data'!$P$12))*('Formula Calculations (LOCKED)'!J14/'Formula Calculations (LOCKED)'!$J$2))+((0.5*(10000000-'Sheet 2. County Level Data'!$P$12))*('Formula Calculations (LOCKED)'!Q14/'Formula Calculations (LOCKED)'!$Q$2))) -> #DIV/0!
A15: ='Sheet 2. County Level Data'!A13 -> 0 | B15: =('Formula Calculations (LOCKED)'!C15*'Sheet 2. County Level Data'!$P$4) -> #DIV/0! | C15: ='Formula Calculations (LOCKED)'!H15/'Formula Calculations (LOCKED)'!$H$2*'Sheet 2. County Level Data'!$P$4 -> #DIV/0! | D15: =('Formula Calculations (LOCKED)'!L15/'Formula Calculations (LOCKED)'!$L$2)*'Sheet 2. County Level Data'!$P$4 -> #DIV/0! | E15: =('Formula Calculations (LOCKED)'!O15/'Formula Calculations (LOCKED)'!$O$2)*'Sheet 2. County Level Data'!$P$4 -> #DIV/0! | F15: =('Formula Calculations (LOCKED)'!D15/'Formula Calculations (LOCKED)'!$D$2)*'Sheet 2. County Level Data'!$P$4 -> #DIV/0! | G15: ='Sheet 2. County Level Data'!$T$11+(0.5*10000000)*'Formula Calculations (LOCKED)'!H15/'Formula Calculations (LOCKED)'!$H$2 -> #DIV/0! | H15: =(0.5*10000000)*'Formula Calculations (LOCKED)'!H15/'Formula Calculations (LOCKED)'!$H$2+(0.5*10000000)*'Formula Calculations (LOCKED)'!D15/'Formula Calculations (LOCKED)'!$D$2 -> #DIV/0! | I15: ='Sheet 2. County Level Data'!$T$12+(0.3333333333*10000000*('Formula Calculations (LOCKED)'!H15/'Formula Calculations (LOCKED)'!$H$2))+(0.3333333333*10000000*('Formula Calculations (LOCKED)'!D15/'Formula Calculations (LOCKED)'!$D$2)) -> #DIV/0! | J15: ='Sheet 2. County Level Data'!$T$13+(0.25*10000000*('Formula Calculations (LOCKED)'!H15/'Formula Calculations (LOCKED)'!$H$2))+(0.25*10000000*('Formula Calculations (LOCKED)'!D15/'Formula Calculations (LOCKED)'!$D$2))+(0.25*10000000*('Formula Calculations (LOCKED)'!L15/'Formula Calculations (LOCKED)'!$L$2)) -> #DIV/0! | K15: ='Sheet 2. County Level Data'!$T$13+(0.25*10000000*('Formula Calculations (LOCKED)'!H15/'Formula Calculations (LOCKED)'!$H$2))+(0.25*10000000*('Formula Calculations (LOCKED)'!D15/'Formula Calculations (LOCKED)'!$D$2))+(0.25*10000000*('Formula Calculations (LOCKED)'!O15/'Formula Calculations (LOCKED)'!$O$2)) -> #DIV/0! | L15: =IF('Formula Calculations (LOCKED)'!$G15=1,('Sheet 2. County Level Data'!$P$12*('Formula Calculations (LOCKED)'!K15/'Formula Calculations (LOCKED)'!$K$2)),((10000000-'Sheet 2. County Level Data'!$P$12)*'Formula Calculations (LOCKED)'!J15/'Formula Calculations (LOCKED)'!$J$2)) -> #DIV/0! | M15: =IF('Formula Calculations (LOCKED)'!$G15=1,((0.5*'Sheet 2. County Level Data'!$P$12)*('Formula Calculations (LOCKED)'!K15/'Formula Calculations (LOCKED)'!$K$2))+((0.5*'Sheet 2. County Level Data'!$P$12)*('Formula Calculations (LOCKED)'!N15/'Formula Calculations (LOCKED)'!$N$2)),((0.5*(10000000-'Sheet 2. County Level Data'!$P$12))*('Formula Calculations (LOCKED)'!J15/'Formula Calculations (LOCKED)'!$J$2))+((0.5*(10000000-'Sheet 2. County Level Data'!$P$12))*('Formula Calculations (LOCKED)'!M15/'Formula Calculations (LOCKED)'!$M$2))) -> #DIV/0! | N15: =IF('Formula Calculations (LOCKED)'!$G15=1,((0.5*'Sheet 2. County Level Data'!$P$12)*('Formula Calculations (LOCKED)'!K15/'Formula Calculations (LOCKED)'!$K$2))+((0.5*'Sheet 2. County Level Data'!$P$12)*('Formula Calculations (LOCKED)'!R15/'Formula Calculations (LOCKED)'!$R$2)),((0.5*(10000000-'Sheet 2. County Level Data'!$P$12))*('Formula Calculations (LOCKED)'!J15/'Formula Calculations (LOCKED)'!$J$2))+((0.5*(10000000-'Sheet 2. County Level Data'!$P$12))*('Formula Calculations (LOCKED)'!Q15/'Formula Calculations (LOCKED)'!$Q$2))) -> #DIV/0!
... A162: ='Sheet 2. County Level Data'!A160 -> 0 | B162: =('Formula Calculations (LOCKED)'!C162*'Sheet 2. County Level Data'!$P$4) -> #DIV/0! | C162: ='Formula Calculations (LOCKED)'!H162/'Formula Calculations (LOCKED)'!$H$2*'Sheet 2. County Level Data'!$P$4 -> #DIV/0! | D162: =('Formula Calculations (LOCKED)'!L162/'Formula Calculations (LOCKED)'!$L$2)*'Sheet 2. County Level Data'!$P$4 -> #DIV/0! | E162: =('Formula Calculations (LOCKED)'!O162/'Formula Calculations (LOCKED)'!$O$2)*'Sheet 2. County Level Data'!$P$4 -> #DIV/0! | F162: =('Formula Calculations (LOCKED)'!D162/'Formula Calculations (LOCKED)'!$D$2)*'Sheet 2. County Level Data'!$P$4 -> #DIV/0! | G162: ='Sheet 2. County Level Data'!$T$11+(0.5*10000000)*'Formula Calculations (LOCKED)'!H162/'Formula Calculations (LOCKED)'!$H$2 -> #DIV/0! | H162: =(0.5*10000000)*'Formula Calculations (LOCKED)'!H162/'Formula Calculations (LOCKED)'!$H$2+(0.5*10000000)*'Formula Calculations (LOCKED)'!D162/'Formula Calculations (LOCKED)'!$D$2 -> #DIV/0! | I162: ='Sheet 2. County Level Data'!$T$12+(0.3333333333*10000000*('Formula Calculations (LOCKED)'!H162/'Formula Calculations (LOCKED)'!$H$2))+(0.3333333333*10000000*('Formula Calculations (LOCKED)'!D162/'Formula Calculations (LOCKED)'!$D$2)) -> #DIV/0! | J162: ='Sheet 2. County Level Data'!$T$13+(0.25*10000000*('Formula Calculations (LOCKED)'!H162/'Formula Calculations (LOCKED)'!$H$2))+(0.25*10000000*('Formula Calculations (LOCKED)'!D162/'Formula Calculations (LOCKED)'!$D$2))+(0.25*10000000*('Formula Calculations (LOCKED)'!L162/'Formula Calculations (LOCKED)'!$L$2)) -> #DIV/0! | K162: ='Sheet 2. County Level Data'!$T$13+(0.25*10000000*('Formula Calculations (LOCKED)'!H162/'Formula Calculations (LOCKED)'!$H$2))+(0.25*10000000*('Formula Calculations (LOCKED)'!D162/'Formula Calculations (LOCKED)'!$D$2))+(0.25*10000000*('Formula Calculations (LOCKED)'!O162/'Formula Calculations (LOCKED)'!$O$2)) -> #DIV/0! | L162: =IF('Formula Calculations (LOCKED)'!$G162=1,('Sheet 2. County Level Data'!$P$12*('Formula Calculations (LOCKED)'!K162/'Formula Calculations (LOCKED)'!$K$2)),((10000000-'Sheet 2. County Level Data'!$P$12)*'Formula Calculations (LOCKED)'!J162/'Formula Calculations (LOCKED)'!$J$2)) -> #DIV/0! | M162: =IF('Formula Calculations (LOCKED)'!$G162=1,((0.5*'Sheet 2. County Level Data'!$P$12)*('Formula Calculations (LOCKED)'!K162/'Formula Calculations (LOCKED)'!$K$2))+((0.5*'Sheet 2. County Level Data'!$P$12)*('Formula Calculations (LOCKED)'!N162/'Formula Calculations (LOCKED)'!$N$2)),((0.5*(10000000-'Sheet 2. County Level Data'!$P$12))*('Formula Calculations (LOCKED)'!J162/'Formula Calculations (LOCKED)'!$J$2))+((0.5*(10000000-'Sheet 2. County Level Data'!$P$12))*('Formula Calculations (LOCKED)'!M162/'Formula Calculations (LOCKED)'!$M$2))) -> #DIV/0! | N162: =IF('Formula Calculations (LOCKED)'!$G162=1,((0.5*'Sheet 2. County Level Data'!$P$12)*('Formula Calculations (LOCKED)'!K162/'Formula Calculations (LOCKED)'!$K$2))+((0.5*'Sheet 2. County Level Data'!$P$12)*('Formula Calculations (LOCKED)'!R162/'Formula Calculations (LOCKED)'!$R$2)),((0.5*(10000000-'Sheet 2. County Level Data'!$P$12))*('Formula Calculations (LOCKED)'!J162/'Formula Calculations (LOCKED)'!$J$2))+((0.5*(10000000-'Sheet 2. County Level Data'!$P$12))*('Formula Calculations (LOCKED)'!Q162/'Formula Calculations (LOCKED)'!$Q$2))) -> #DIV/0!
B163: =('Formula Calculations (LOCKED)'!C163*'Sheet 2. County Level Data'!$P$4) -> 0 | C163: ='Formula Calculations (LOCKED)'!H163/'Formula Calculations (LOCKED)'!$H$2*'Sheet 2. County Level Data'!$P$4 -> #DIV/0! | D163: =('Formula Calculations (LOCKED)'!L163/'Formula Calculations (LOCKED)'!$L$2)*'Sheet 2. County Level Data'!$P$4 -> #DIV/0! | E163: =('Formula Calculations (LOCKED)'!O163/'Formula Calculations (LOCKED)'!$O$2)*'Sheet 2. County Level Data'!$P$4 -> #DIV/0! | F163: =('Formula Calculations (LOCKED)'!D163/'Formula Calculations (LOCKED)'!$D$2)*'Sheet 2. County Level Data'!$P$4 -> #DIV/0! | L163: =IF('Formula Calculations (LOCKED)'!$G163=1,('Sheet 2. County Level Data'!$P$12*('Formula Calculations (LOCKED)'!K163/'Formula Calculations (LOCKED)'!$K$2)),((10000000-'Sheet 2. County Level Data'!$P$12)*'Formula Calculations (LOCKED)'!J163/'Formula Calculations (LOCKED)'!$J$2)) -> #DIV/0! | M163: =IF('Formula Calculations (LOCKED)'!$G163=1,((0.5*'Sheet 2. County Level Data'!$P$12)*('Formula Calculations (LOCKED)'!K163/'Formula Calculations (LOCKED)'!$K$2))+((0.5*'Sheet 2. County Level Data'!$P$12)*('Formula Calculations (LOCKED)'!N163/'Formula Calculations (LOCKED)'!$N$2)),((0.5*(10000000-'Sheet 2. County Level Data'!$P$12))*('Formula Calculations (LOCKED)'!J163/'Formula Calculations (LOCKED)'!$J$2))+((0.5*(10000000-'Sheet 2. County Level Data'!$P$12))*('Formula Calculations (LOCKED)'!M163/'Formula Calculations (LOCKED)'!$M$2))) -> #DIV/0!
B164: =('Formula Calculations (LOCKED)'!C164*'Sheet 2. County Level Data'!$P$4) -> 0 | C164: ='Formula Calculations (LOCKED)'!H164/'Formula Calculations (LOCKED)'!$H$2*'Sheet 2. County Level Data'!$P$4 -> #DIV/0! | D164: =('Formula Calculations (LOCKED)'!L164/'Formula Calculations (LOCKED)'!$L$2)*'Sheet 2. County Level Data'!$P$4 -> #DIV/0! | E164: =('Formula Calculations (LOCKED)'!O164/'Formula Calculations (LOCKED)'!$O$2)*'Sheet 2. County Level Data'!$P$4 -> #DIV/0! | F164: =('Formula Calculations (LOCKED)'!D164/'Formula Calculations (LOCKED)'!$D$2)*'Sheet 2. County Level Data'!$P$4 -> #DIV/0! | L164: =IF('Formula Calculations (LOCKED)'!$G164=1,('Sheet 2. County Level Data'!$P$12*('Formula Calculations (LOCKED)'!K164/'Formula Calculations (LOCKED)'!$K$2)),((10000000-'Sheet 2. County Level Data'!$P$12)*'Formula Calculations (LOCKED)'!J164/'Formula Calculations (LOCKED)'!$J$2)) -> #DIV/0! | M164: =IF('Formula Calculations (LOCKED)'!$G164=1,((0.5*'Sheet 2. County Level Data'!$P$12)*('Formula Calculations (LOCKED)'!K164/'Formula Calculations (LOCKED)'!$K$2))+((0.5*'Sheet 2. County Level Data'!$P$12)*('Formula Calculations (LOCKED)'!N164/'Formula Calculations (LOCKED)'!$N$2)),((0.5*(10000000-'Sheet 2. County Level Data'!$P$12))*('Formula Calculations (LOCKED)'!J164/'Formula Calculations (LOCKED)'!$J$2))+((0.5*(10000000-'Sheet 2. County Level Data'!$P$12))*('Formula Calculations (LOCKED)'!M164/'Formula Calculations (LOCKED)'!$M$2))) -> #DIV/0!
B165: =('Formula Calculations (LOCKED)'!C165*'Sheet 2. County Level Data'!$P$4) -> 0 | C165: ='Formula Calculations (LOCKED)'!H165/'Formula Calculations (LOCKED)'!$H$2*'Sheet 2. County Level Data'!$P$4 -> #DIV/0! | D165: =('Formula Calculations (LOCKED)'!L165/'Formula Calculations (LOCKED)'!$L$2)*'Sheet 2. County Level Data'!$P$4 -> #DIV/0! | E165: =('Formula Calculations (LOCKED)'!O165/'Formula Calculations (LOCKED)'!$O$2)*'Sheet 2. County Level Data'!$P$4 -> #DIV/0! | F165: =('Formula Calculations (LOCKED)'!D165/'Formula Calculations (LOCKED)'!$D$2)*'Sheet 2. County Level Data'!$P$4 -> #DIV/0! | L165: =IF('Formula Calculations (LOCKED)'!$G165=1,('Sheet 2. County Level Data'!$P$12*('Formula Calculations (LOCKED)'!K165/'Formula Calculations (LOCKED)'!$K$2)),((10000000-'Sheet 2. County Level Data'!$P$12)*'Formula Calculations (LOCKED)'!J165/'Formula Calculations (LOCKED)'!$J$2)) -> #DIV/0! | M165: =IF('Formula Calculations (LOCKED)'!$G165=1,((0.5*'Sheet 2. County Level Data'!$P$12)*('Formula Calculations (LOCKED)'!K165/'Formula Calculations (LOCKED)'!$K$2))+((0.5*'Sheet 2. County Level Data'!$P$12)*('Formula Calculations (LOCKED)'!N165/'Formula Calculations (LOCKED)'!$N$2)),((0.5*(10000000-'Sheet 2. County Level Data'!$P$12))*('Formula Calculations (LOCKED)'!J165/'Formula Calculations (LOCKED)'!$J$2))+((0.5*(10000000-'Sheet 2. County Level Data'!$P$12))*('Formula Calculations (LOCKED)'!M165/'Formula Calculations (LOCKED)'!$M$2))) -> #DIV/0!
B166: =('Formula Calculations (LOCKED)'!C166*'Sheet 2. County Level Data'!$P$4) -> 0 | C166: ='Formula Calculations (LOCKED)'!H166/'Formula Calculations (LOCKED)'!$H$2*'Sheet 2. County Level Data'!$P$4 -> #DIV/0! | D166: =('Formula Calculations (LOCKED)'!L166/'Formula Calculations (LOCKED)'!$L$2)*'Sheet 2. County Level Data'!$P$4 -> #DIV/0! | E166: =('Formula Calculations (LOCKED)'!O166/'Formula Calculations (LOCKED)'!$O$2)*'Sheet 2. County Level Data'!$P$4 -> #DIV/0! | F166: =('Formula Calculations (LOCKED)'!D166/'Formula Calculations (LOCKED)'!$D$2)*'Sheet 2. County Level Data'!$P$4 -> #DIV/0! | L166: =IF('Formula Calculations (LOCKED)'!$G166=1,('Sheet 2. County Level Data'!$P$12*('Formula Calculations (LOCKED)'!K166/'Formula Calculations (LOCKED)'!$K$2)),((10000000-'Sheet 2. County Level Data'!$P$12)*'Formula Calculations (LOCKED)'!J166/'Formula Calculations (LOCKED)'!$J$2)) -> #DIV/0! | M166: =IF('Formula Calculations (LOCKED)'!$G166=1,((0.5*'Sheet 2. County Level Data'!$P$12)*('Formula Calculations (LOCKED)'!K166/'Formula Calculations (LOCKED)'!$K$2))+((0.5*'Sheet 2. County Level Data'!$P$12)*('Formula Calculations (LOCKED)'!N166/'Formula Calculations (LOCKED)'!$N$2)),((0.5*(10000000-'Sheet 2. County Level Data'!$P$12))*('Formula Calculations (LOCKED)'!J166/'Formula Calculations (LOCKED)'!$J$2))+((0.5*(10000000-'Sheet 2. County Level Data'!$P$12))*('Formula Calculations (LOCKED)'!M166/'Formula Calculations (LOCKED)'!$M$2))) -> #DIV/0!
B167: =('Formula Calculations (LOCKED)'!C167*'Sheet 2. County Level Data'!$P$4) -> 0 | C167: ='Formula Calculations (LOCKED)'!H167/'Formula Calculations (LOCKED)'!$H$2*'Sheet 2. County Level Data'!$P$4 -> #DIV/0! | D167: =('Formula Calculations (LOCKED)'!L167/'Formula Calculations (LOCKED)'!$L$2)*'Sheet 2. County Level Data'!$P$4 -> #DIV/0! | E167: =('Formula Calculations (LOCKED)'!O167/'Formula Calculations (LOCKED)'!$O$2)*'Sheet 2. County Level Data'!$P$4 -> #DIV/0! | F167: =('Formula Calculations (LOCKED)'!D167/'Formula Calculations (LOCKED)'!$D$2)*'Sheet 2. County Level Data'!$P$4 -> #DIV/0! | L167: =IF('Formula Calculations (LOCKED)'!$G167=1,('Sheet 2. County Level Data'!$P$12*('Formula Calculations (LOCKED)'!K167/'Formula Calculations (LOCKED)'!$K$2)),((10000000-'Sheet 2. County Level Data'!$P$12)*'Formula Calculations (LOCKED)'!J167/'Formula Calculations (LOCKED)'!$J$2)) -> #DIV/0! | M167: =IF('Formula Calculations (LOCKED)'!$G167=1,((0.5*'Sheet 2. County Level Data'!$P$12)*('Formula Calculations (LOCKED)'!K167/'Formula Calculations (LOCKED)'!$K$2))+((0.5*'Sheet 2. County Level Data'!$P$12)*('Formula Calculations (LOCKED)'!N167/'Formula Calculations (LOCKED)'!$N$2)),((0.5*(10000000-'Sheet 2. County Level Data'!$P$12))*('Formula Calculations (LOCKED)'!J167/'Formula Calculations (LOCKED)'!$J$2))+((0.5*(10000000-'Sheet 2. County Level Data'!$P$12))*('Formula Calculations (LOCKED)'!M167/'Formula Calculations (LOCKED)'!$M$2))) -> #DIV/0!
B168: =('Formula Calculations (LOCKED)'!C168*'Sheet 2. County Level Data'!$P$4) -> 0 | C168: ='Formula Calculations (LOCKED)'!H168/'Formula Calculations (LOCKED)'!$H$2*'Sheet 2. County Level Data'!$P$4 -> #DIV/0! | D168: =('Formula Calculations (LOCKED)'!L168/'Formula Calculations (LOCKED)'!$L$2)*'Sheet 2. County Level Data'!$P$4 -> #DIV/0! | E168: =('Formula Calculations (LOCKED)'!O168/'Formula Calculations (LOCKED)'!$O$2)*'Sheet 2. County Level Data'!$P$4 -> #DIV/0! | F168: =('Formula Calculations (LOCKED)'!D168/'Formula Calculations (LOCKED)'!$D$2)*'Sheet 2. County Level Data'!$P$4 -> #DIV/0! | L168: =IF('Formula Calculations (LOCKED)'!$G168=1,('Sheet 2. County Level Data'!$P$12*('Formula Calculations (LOCKED)'!K168/'Formula Calculations (LOCKED)'!$K$2)),((10000000-'Sheet 2. County Level Data'!$P$12)*'Formula Calculations (LOCKED)'!J168/'Formula Calculations (LOCKED)'!$J$2)) -> #DIV/0! | M168: =IF('Formula Calculations (LOCKED)'!$G168=1,((0.5*'Sheet 2. County Level Data'!$P$12)*('Formula Calculations (LOCKED)'!K168/'Formula Calculations (LOCKED)'!$K$2))+((0.5*'Sheet 2. County Level Data'!$P$12)*('Formula Calculations (LOCKED)'!N168/'Formula Calculations (LOCKED)'!$N$2)),((0.5*(10000000-'Sheet 2. County Level Data'!$P$12))*('Formula Calculations (LOCKED)'!J168/'Formula Calculations (LOCKED)'!$J$2))+((0.5*(10000000-'Sheet 2. County Level Data'!$P$12))*('Formula Calculations (LOCKED)'!M168/'Formula Calculations (LOCKED)'!$M$2))) -> #DIV/0!
B169: =('Formula Calculations (LOCKED)'!C169*'Sheet 2. County Level Data'!$P$4) -> 0 | C169: ='Formula Calculations (LOCKED)'!H169/'Formula Calculations (LOCKED)'!$H$2*'Sheet 2. County Level Data'!$P$4 -> #DIV/0! | D169: =('Formula Calculations (LOCKED)'!L169/'Formula Calculations (LOCKED)'!$L$2)*'Sheet 2. County Level Data'!$P$4 -> #DIV/0! | E169: =('Formula Calculations (LOCKED)'!O169/'Formula Calculations (LOCKED)'!$O$2)*'Sheet 2. County Level Data'!$P$4 -> #DIV/0! | F169: =('Formula Calculations (LOCKED)'!D169/'Formula Calculations (LOCKED)'!$D$2)*'Sheet 2. County Level Data'!$P$4 -> #DIV/0! | L169: =IF('Formula Calculations (LOCKED)'!$G169=1,('Sheet 2. County Level Data'!$P$12*('Formula Calculations (LOCKED)'!K169/'Formula Calculations (LOCKED)'!$K$2)),((10000000-'Sheet 2. County Level Data'!$P$12)*'Formula Calculations (LOCKED)'!J169/'Formula Calculations (LOCKED)'!$J$2)) -> #DIV/0! | M169: =IF('Formula Calculations (LOCKED)'!$G169=1,((0.5*'Sheet 2. County Level Data'!$P$12)*('Formula Calculations (LOCKED)'!K169/'Formula Calculations (LOCKED)'!$K$2))+((0.5*'Sheet 2. County Level Data'!$P$12)*('Formula Calculations (LOCKED)'!N169/'Formula Calculations (LOCKED)'!$N$2)),((0.5*(10000000-'Sheet 2. County Level Data'!$P$12))*('Formula Calculations (LOCKED)'!J169/'Formula Calculations (LOCKED)'!$J$2))+((0.5*(10000000-'Sheet 2. County Level Data'!$P$12))*('Formula Calculations (LOCKED)'!M169/'Formula Calculations (LOCKED)'!$M$2))) -> #DIV/0!
B170: =('Formula Calculations (LOCKED)'!C170*'Sheet 2. County Level Data'!$P$4) -> 0 | C170: ='Formula Calculations (LOCKED)'!H170/'Formula Calculations (LOCKED)'!$H$2*'Sheet 2. County Level Data'!$P$4 -> #DIV/0! | D170: =('Formula Calculations (LOCKED)'!L170/'Formula Calculations (LOCKED)'!$L$2)*'Sheet 2. County Level Data'!$P$4 -> #DIV/0! | E170: =('Formula Calculations (LOCKED)'!O170/'Formula Calculations (LOCKED)'!$O$2)*'Sheet 2. County Level Data'!$P$4 -> #DIV/0! | F170: =('Formula Calculations (LOCKED)'!D170/'Formula Calculations (LOCKED)'!$D$2)*'Sheet 2. County Level Data'!$P$4 -> #DIV/0! | L170: =IF('Formula Calculations (LOCKED)'!$G170=1,('Sheet 2. County Level Data'!$P$12*('Formula Calculations (LOCKED)'!K170/'Formula Calculations (LOCKED)'!$K$2)),((10000000-'Sheet 2. County Level Data'!$P$12)*'Formula Calculations (LOCKED)'!J170/'Formula Calculations (LOCKED)'!$J$2)) -> #DIV/0! | M170: =IF('Formula Calculations (LOCKED)'!$G170=1,((0.5*'Sheet 2. County Level Data'!$P$12)*('Formula Calculations (LOCKED)'!K170/'Formula Calculations (LOCKED)'!$K$2))+((0.5*'Sheet 2. County Level Data'!$P$12)*('Formula Calculations (LOCKED)'!N170/'Formula Calculations (LOCKED)'!$N$2)),((0.5*(10000000-'Sheet 2. County Level Data'!$P$12))*('Formula Calculations (LOCKED)'!J170/'Formula Calculations (LOCKED)'!$J$2))+((0.5*(10000000-'Sheet 2. County Level Data'!$P$12))*('Formula Calculations (LOCKED)'!M170/'Formula Calculations (LOCKED)'!$M$2))) -> #DIV/0!
B171: =('Formula Calculations (LOCKED)'!C171*'Sheet 2. County Level Data'!$P$4) -> 0 | C171: ='Formula Calculations (LOCKED)'!H171/'Formula Calculations (LOCKED)'!$H$2*'Sheet 2. County Level Data'!$P$4 -> #DIV/0! | D171: =('Formula Calculations (LOCKED)'!L171/'Formula Calculations (LOCKED)'!$L$2)*'Sheet 2. County Level Data'!$P$4 -> #DIV/0! | E171: =('Formula Calculations (LOCKED)'!O171/'Formula Calculations (LOCKED)'!$O$2)*'Sheet 2. County Level Data'!$P$4 -> #DIV/0! | F171: =('Formula Calculations (LOCKED)'!D171/'Formula Calculations (LOCKED)'!$D$2)*'Sheet 2. County Level Data'!$P$4 -> #DIV/0! | L171: =IF('Formula Calculations (LOCKED)'!$G171=1,('Sheet 2. County Level Data'!$P$12*('Formula Calculations (LOCKED)'!K171/'Formula Calculations (LOCKED)'!$K$2)),((10000000-'Sheet 2. County Level Data'!$P$12)*'Formula Calculations (LOCKED)'!J171/'Formula Calculations (LOCKED)'!$J$2)) -> #DIV/0! | M171: =IF('Formula Calculations (LOCKED)'!$G171=1,((0.5*'Sheet 2. County Level Data'!$P$12)*('Formula Calculations (LOCKED)'!K171/'Formula Calculations (LOCKED)'!$K$2))+((0.5*'Sheet 2. County Level Data'!$P$12)*('Formula Calculations (LOCKED)'!N171/'Formula Calculations (LOCKED)'!$N$2)),((0.5*(10000000-'Sheet 2. County Level Data'!$P$12))*('Formula Calculations (LOCKED)'!J171/'Formula Calculations (LOCKED)'!$J$2))+((0.5*(10000000-'Sheet 2. County Level Data'!$P$12))*('Formula Calculations (LOCKED)'!M171/'Formula Calculations (LOCKED)'!$M$2))) -> #DIV/0!
B172: =('Formula Calculations (LOCKED)'!C172*'Sheet 2. County Level Data'!$P$4) -> 0 | C172: ='Formula Calculations (LOCKED)'!H172/'Formula Calculations (LOCKED)'!$H$2*'Sheet 2. County Level Data'!$P$4 -> #DIV/0! | D172: =('Formula Calculations (LOCKED)'!L172/'Formula Calculations (LOCKED)'!$L$2)*'Sheet 2. County Level Data'!$P$4 -> #DIV/0! | E172: =('Formula Calculations (LOCKED)'!O172/'Formula Calculations (LOCKED)'!$O$2)*'Sheet 2. County Level Data'!$P$4 -> #DIV/0! | F172: =('Formula Calculations (LOCKED)'!D172/'Formula Calculations (LOCKED)'!$D$2)*'Sheet 2. County Level Data'!$P$4 -> #DIV/0! | L172: =IF('Formula Calculations (LOCKED)'!$G172=1,('Sheet 2. County Level Data'!$P$12*('Formula Calculations (LOCKED)'!K172/'Formula Calculations (LOCKED)'!$K$2)),((10000000-'Sheet 2. County Level Data'!$P$12)*'Formula Calculations (LOCKED)'!J172/'Formula Calculations (LOCKED)'!$J$2)) -> #DIV/0! | M172: =IF('Formula Calculations (LOCKED)'!$G172=1,((0.5*'Sheet 2. County Level Data'!$P$12)*('Formula Calculations (LOCKED)'!K172/'Formula Calculations (LOCKED)'!$K$2))+((0.5*'Sheet 2. County Level Data'!$P$12)*('Formula Calculations (LOCKED)'!N172/'Formula Calculations (LOCKED)'!$N$2)),((0.5*(10000000-'Sheet 2. County Level Data'!$P$12))*('Formula Calculations (LOCKED)'!J172/'Formula Calculations (LOCKED)'!$J$2))+((0.5*(10000000-'Sheet 2. County Level Data'!$P$12))*('Formula Calculations (LOCKED)'!M172/'Formula Calculations (LOCKED)'!$M$2))) -> #DIV/0!
B173: =('Formula Calculations (LOCKED)'!C173*'Sheet 2. County Level Data'!$P$4) -> 0 | C173: ='Formula Calculations (LOCKED)'!H173/'Formula Calculations (LOCKED)'!$H$2*'Sheet 2. County Level Data'!$P$4 -> #DIV/0! | D173: =('Formula Calculations (LOCKED)'!L173/'Formula Calculations (LOCKED)'!$L$2)*'Sheet 2. County Level Data'!$P$4 -> #DIV/0! | E173: =('Formula Calculations (LOCKED)'!O173/'Formula Calculations (LOCKED)'!$O$2)*'Sheet 2. County Level Data'!$P$4 -> #DIV/0! | F173: =('Formula Calculations (LOCKED)'!D173/'Formula Calculations (LOCKED)'!$D$2)*'Sheet 2. County Level Data'!$P$4 -> #DIV/0! | L173: =IF('Formula Calculations (LOCKED)'!$G173=1,('Sheet 2. County Level Data'!$P$12*('Formula Calculations (LOCKED)'!K173/'Formula Calculations (LOCKED)'!$K$2)),((10000000-'Sheet 2. County Level Data'!$P$12)*'Formula Calculations (LOCKED)'!J173/'Formula Calculations (LOCKED)'!$J$2)) -> #DIV/0! | M173: =IF('Formula Calculations (LOCKED)'!$G173=1,((0.5*'Sheet 2. County Level Data'!$P$12)*('Formula Calculations (LOCKED)'!K173/'Formula Calculations (LOCKED)'!$K$2))+((0.5*'Sheet 2. County Level Data'!$P$12)*('Formula Calculations (LOCKED)'!N173/'Formula Calculations (LOCKED)'!$N$2)),((0.5*(10000000-'Sheet 2. County Level Data'!$P$12))*('Formula Calculations (LOCKED)'!J173/'Formula Calculations (LOCKED)'!$J$2))+((0.5*(10000000-'Sheet 2. County Level Data'!$P$12))*('Formula Calculations (LOCKED)'!M173/'Formula Calculations (LOCKED)'!$M$2))) -> #DIV/0!
B174: =('Formula Calculations (LOCKED)'!C174*'Sheet 2. County Level Data'!$P$4) -> 0 | C174: ='Formula Calculations (LOCKED)'!H174/'Formula Calculations (LOCKED)'!$H$2*'Sheet 2. County Level Data'!$P$4 -> #DIV/0! | D174: =('Formula Calculations (LOCKED)'!L174/'Formula Calculations (LOCKED)'!$L$2)*'Sheet 2. County Level Data'!$P$4 -> #DIV/0! | E174: =('Formula Calculations (LOCKED)'!O174/'Formula Calculations (LOCKED)'!$O$2)*'Sheet 2. County Level Data'!$P$4 -> #DIV/0! | F174: =('Formula Calculations (LOCKED)'!D174/'Formula Calculations (LOCKED)'!$D$2)*'Sheet 2. County Level Data'!$P$4 -> #DIV/0! | L174: =IF('Formula Calculations (LOCKED)'!$G174=1,('Sheet 2. County Level Data'!$P$12*('Formula Calculations (LOCKED)'!K174/'Formula Calculations (LOCKED)'!$K$2)),((10000000-'Sheet 2. County Level Data'!$P$12)*'Formula Calculations (LOCKED)'!J174/'Formula Calculations (LOCKED)'!$J$2)) -> #DIV/0! | M174: =IF('Formula Calculations (LOCKED)'!$G174=1,((0.5*'Sheet 2. County Level Data'!$P$12)*('Formula Calculations (LOCKED)'!K174/'Formula Calculations (LOCKED)'!$K$2))+((0.5*'Sheet 2. County Level Data'!$P$12)*('Formula Calculations (LOCKED)'!N174/'Formula Calculations (LOCKED)'!$N$2)),((0.5*(10000000-'Sheet 2. County Level Data'!$P$12))*('Formula Calculations (LOCKED)'!J174/'Formula Calculations (LOCKED)'!$J$2))+((0.5*(10000000-'Sheet 2. County Level Data'!$P$12))*('Formula Calculations (LOCKED)'!M174/'Formula Calculations (LOCKED)'!$M$2))) -> #DIV/0!
... B230: =('Formula Calculations (LOCKED)'!C230*'Sheet 2. County Level Data'!$P$4) -> 0 | C230: ='Formula Calculations (LOCKED)'!H230/'Formula Calculations (LOCKED)'!$H$2*'Sheet 2. County Level Data'!$P$4 -> #DIV/0! | D230: =('Formula Calculations (LOCKED)'!L230/'Formula Calculations (LOCKED)'!$L$2)*'Sheet 2. County Level Data'!$P$4 -> #DIV/0! | E230: =('Formula Calculations (LOCKED)'!O230/'Formula Calculations (LOCKED)'!$O$2)*'Sheet 2. County Level Data'!$P$4 -> #DIV/0! | F230: =('Formula Calculations (LOCKED)'!D230/'Formula Calculations (LOCKED)'!$D$2)*'Sheet 2. County Level Data'!$P$4 -> #DIV/0! | L230: =IF('Formula Calculations (LOCKED)'!$G230=1,('Sheet 2. County Level Data'!$P$12*('Formula Calculations (LOCKED)'!K230/'Formula Calculations (LOCKED)'!$K$2)),((10000000-'Sheet 2. County Level Data'!$P$12)*'Formula Calculations (LOCKED)'!J230/'Formula Calculations (LOCKED)'!$J$2)) -> #DIV/0! | M230: =IF('Formula Calculations (LOCKED)'!$G230=1,((0.5*'Sheet 2. County Level Data'!$P$12)*('Formula Calculations (LOCKED)'!K230/'Formula Calculations (LOCKED)'!$K$2))+((0.5*'Sheet 2. County Level Data'!$P$12)*('Formula Calculations (LOCKED)'!N230/'Formula Calculations (LOCKED)'!$N$2)),((0.5*(10000000-'Sheet 2. County Level Data'!$P$12))*('Formula Calculations (LOCKED)'!J230/'Formula Calculations (LOCKED)'!$J$2))+((0.5*(10000000-'Sheet 2. County Level Data'!$P$12))*('Formula Calculations (LOCKED)'!M230/'Formula Calculations (LOCKED)'!$M$2))) -> #DIV/0!

Sheet Sheet 4. Per Capita Amounts
B1: 0: Control Formulas | G1: 1: No Carveout | L1: 2: Rural Carveout
A2: Formula | B2: 0.1 | C2: 0.2 | D2: 0.3 | E2: 0.4 | F2: 0.5 | G2: 1.1 | H2: 1.2 | I2: 1.3 | J2: 1.4 | L2: 2.1 | M2: 2.2 | N2: 2.3
A3: County | B3: Percent population only | C3: Poverty population only | D3: SVI only | E3: Pop 18 and under only | F3: Rural population only | G3: Povery pop +Floor | H3: Poverty pop + Rurality | I3: Poverty pop + Floor + Rurality | J3: Poverty Pop + Floor + Rurality + SVI | K3: Poverty Pop + Floor + Rurality + Pop 18 and under | L3: Carveout + Poverty Pop | M3: Carveout + Poverty + SVI | N3: Carveout + Poverty + Measure of Need
A4: ='Sheet 2. County Level Data'!A2 -> 0 | B4: ='Sheet 3. Total Amounts '!B4/'Formula Calculations (LOCKED)'!B4 -> #DIV/0! | C4: ='Sheet 3. Total Amounts '!C4/'Formula Calculations (LOCKED)'!$B4 -> #DIV/0! | D4: ='Sheet 3. Total Amounts '!D4/'Formula Calculations (LOCKED)'!$B4 -> #DIV/0! | E4: ='Sheet 3. Total Amounts '!E4/'Formula Calculations (LOCKED)'!$B4 -> #DIV/0! | F4: ='Sheet 3. Total Amounts '!F4/'Formula Calculations (LOCKED)'!$B4 -> #DIV/0! | G4: ='Sheet 3. Total Amounts '!G4/'Formula Calculations (LOCKED)'!$B4 -> #DIV/0! | H4: ='Sheet 3. Total Amounts '!H4/'Formula Calculations (LOCKED)'!$B4 -> #DIV/0! | I4: ='Sheet 3. Total Amounts '!I4/'Formula Calculations (LOCKED)'!$B4 -> #DIV/0! | J4: ='Sheet 3. Total Amounts '!J4/'Formula Calculations (LOCKED)'!$B4 -> #DIV/0! | K4: ='Sheet 3. Total Amounts '!K4/'Formula Calculations (LOCKED)'!$B4 -> #DIV/0! | L4: ='Sheet 3. Total Amounts '!L4/'Formula Calculations (LOCKED)'!B4 -> #DIV/0! | M4: ='Sheet 3. Total Amounts '!M4/'Formula Calculations (LOCKED)'!B4 -> #DIV/0! | N4: ='Sheet 3. Total Amounts '!N4/'Formula Calculations (LOCKED)'!B4 -> #DIV/0!
A5: ='Sheet 2. County Level Data'!A3 -> 0 | B5: ='Sheet 3. Total Amounts '!B5/'Formula Calculations (LOCKED)'!B5 -> #DIV/0! | C5: ='Sheet 3. Total Amounts '!C5/'Formula Calculations (LOCKED)'!$B5 -> #DIV/0! | D5: ='Sheet 3. Total Amounts '!D5/'Formula Calculations (LOCKED)'!$B5 -> #DIV/0! | E5: ='Sheet 3. Total Amounts '!E5/'Formula Calculations (LOCKED)'!$B5 -> #DIV/0! | F5: ='Sheet 3. Total Amounts '!F5/'Formula Calculations (LOCKED)'!$B5 -> #DIV/0! | G5: ='Sheet 3. Total Amounts '!G5/'Formula Calculations (LOCKED)'!$B5 -> #DIV/0! | H5: ='Sheet 3. Total Amounts '!H5/'Formula Calculations (LOCKED)'!$B5 -> #DIV/0! | I5: ='Sheet 3. Total Amounts '!I5/'Formula Calculations (LOCKED)'!$B5 -> #DIV/0! | J5: ='Sheet 3. Total Amounts '!J5/'Formula Calculations (LOCKED)'!$B5 -> #DIV/0! | K5: ='Sheet 3. Total Amounts '!K5/'Formula Calculations (LOCKED)'!$B5 -> #DIV/0! | L5: ='Sheet 3. Total Amounts '!L5/'Formula Calculations (LOCKED)'!B5 -> #DIV/0! | M5: ='Sheet 3. Total Amounts '!M5/'Formula Calculations (LOCKED)'!B5 -> #DIV/0! | N5: ='Sheet 3. Total Amounts '!N5/'Formula Calculations (LOCKED)'!B5 -> #DIV/0!
A6: ='Sheet 2. County Level Data'!A4 -> 0 | B6: ='Sheet 3. Total Amounts '!B6/'Formula Calculations (LOCKED)'!B6 -> #DIV/0! | C6: ='Sheet 3. Total Amounts '!C6/'Formula Calculations (LOCKED)'!$B6 -> #DIV/0! | D6: ='Sheet 3. Total Amounts '!D6/'Formula Calculations (LOCKED)'!$B6 -> #DIV/0! | E6: ='Sheet 3. Total Amounts '!E6/'Formula Calculations (LOCKED)'!$B6 -> #DIV/0! | F6: ='Sheet 3. Total Amounts '!F6/'Formula Calculations (LOCKED)'!$B6 -> #DIV/0! | G6: ='Sheet 3. Total Amounts '!G6/'Formula Calculations (LOCKED)'!$B6 -> #DIV/0! | H6: ='Sheet 3. Total Amounts '!H6/'Formula Calculations (LOCKED)'!$B6 -> #DIV/0! | I6: ='Sheet 3. Total Amounts '!I6/'Formula Calculations (LOCKED)'!$B6 -> #DIV/0! | J6: ='Sheet 3. Total Amounts '!J6/'Formula Calculations (LOCKED)'!$B6 -> #DIV/0! | K6: ='Sheet 3. Total Amounts '!K6/'Formula Calculations (LOCKED)'!$B6 -> #DIV/0! | L6: ='Sheet 3. Total Amounts '!L6/'Formula Calculations (LOCKED)'!B6 -> #DIV/0! | M6: ='Sheet 3. Total Amounts '!M6/'Formula Calculations (LOCKED)'!B6 -> #DIV/0! | N6: ='Sheet 3. Total Amounts '!N6/'Formula Calculations (LOCKED)'!B6 -> #DIV/0!
A7: ='Sheet 2. County Level Data'!A5 -> 0 | B7: ='Sheet 3. Total Amounts '!B7/'Formula Calculations (LOCKED)'!B7 -> #DIV/0! | C7: ='Sheet 3. Total Amounts '!C7/'Formula Calculations (LOCKED)'!$B7 -> #DIV/0! | D7: ='Sheet 3. Total Amounts '!D7/'Formula Calculations (LOCKED)'!$B7 -> #DIV/0! | E7: ='Sheet 3. Total Amounts '!E7/'Formula Calculations (LOCKED)'!$B7 -> #DIV/0! | F7: ='Sheet 3. Total Amounts '!F7/'Formula Calculations (LOCKED)'!$B7 -> #DIV/0! | G7: ='Sheet 3. Total Amounts '!G7/'Formula Calculations (LOCKED)'!$B7 -> #DIV/0! | H7: ='Sheet 3. Total Amounts '!H7/'Formula Calculations (LOCKED)'!$B7 -> #DIV/0! | I7: ='Sheet 3. Total Amounts '!I7/'Formula Calculations (LOCKED)'!$B7 -> #DIV/0! | J7: ='Sheet 3. Total Amounts '!J7/'Formula Calculations (LOCKED)'!$B7 -> #DIV/0! | K7: ='Sheet 3. Total Amounts '!K7/'Formula Calculations (LOCKED)'!$B7 -> #DIV/0! | L7: ='Sheet 3. Total Amounts '!L7/'Formula Calculations (LOCKED)'!B7 -> #DIV/0! | M7: ='Sheet 3. Total Amounts '!M7/'Formula Calculations (LOCKED)'!B7 -> #DIV/0! | N7: ='Sheet 3. Total Amounts '!N7/'Formula Calculations (LOCKED)'!B7 -> #DIV/0!
A8: ='Sheet 2. County Level Data'!A6 -> 0 | B8: ='Sheet 3. Total Amounts '!B8/'Formula Calculations (LOCKED)'!B8 -> #DIV/0! | C8: ='Sheet 3. Total Amounts '!C8/'Formula Calculations (LOCKED)'!$B8 -> #DIV/0! | D8: ='Sheet 3. Total Amounts '!D8/'Formula Calculations (LOCKED)'!$B8 -> #DIV/0! | E8: ='Sheet 3. Total Amounts '!E8/'Formula Calculations (LOCKED)'!$B8 -> #DIV/0! | F8: ='Sheet 3. Total Amounts '!F8/'Formula Calculations (LOCKED)'!$B8 -> #DIV/0! | G8: ='Sheet 3. Total Amounts '!G8/'Formula Calculations (LOCKED)'!$B8 -> #DIV/0! | H8: ='Sheet 3. Total Amounts '!H8/'Formula Calculations (LOCKED)'!$B8 -> #DIV/0! | I8: ='Sheet 3. Total Amounts '!I8/'Formula Calculations (LOCKED)'!$B8 -> #DIV/0! | J8: ='Sheet 3. Total Amounts '!J8/'Formula Calculations (LOCKED)'!$B8 -> #DIV/0! | K8: ='Sheet 3. Total Amounts '!K8/'Formula Calculations (LOCKED)'!$B8 -> #DIV/0! | L8: ='Sheet 3. Total Amounts '!L8/'Formula Calculations (LOCKED)'!B8 -> #DIV/0! | M8: ='Sheet 3. Total Amounts '!M8/'Formula Calculations (LOCKED)'!B8 -> #DIV/0! | N8: ='Sheet 3. Total Amounts '!N8/'Formula Calculations (LOCKED)'!B8 -> #DIV/0!
A9: ='Sheet 2. County Level Data'!A7 -> 0 | B9: ='Sheet 3. Total Amounts '!B9/'Formula Calculations (LOCKED)'!B9 -> #DIV/0! | C9: ='Sheet 3. Total Amounts '!C9/'Formula Calculations (LOCKED)'!$B9 -> #DIV/0! | D9: ='Sheet 3. Total Amounts '!D9/'Formula Calculations (LOCKED)'!$B9 -> #DIV/0! | E9: ='Sheet 3. Total Amounts '!E9/'Formula Calculations (LOCKED)'!$B9 -> #DIV/0! | F9: ='Sheet 3. Total Amounts '!F9/'Formula Calculations (LOCKED)'!$B9 -> #DIV/0! | G9: ='Sheet 3. Total Amounts '!G9/'Formula Calculations (LOCKED)'!$B9 -> #DIV/0! | H9: ='Sheet 3. Total Amounts '!H9/'Formula Calculations (LOCKED)'!$B9 -> #DIV/0! | I9: ='Sheet 3. Total Amounts '!I9/'Formula Calculations (LOCKED)'!$B9 -> #DIV/0! | J9: ='Sheet 3. Total Amounts '!J9/'Formula Calculations (LOCKED)'!$B9 -> #DIV/0! | K9: ='Sheet 3. Total Amounts '!K9/'Formula Calculations (LOCKED)'!$B9 -> #DIV/0! | L9: ='Sheet 3. Total Amounts '!L9/'Formula Calculations (LOCKED)'!B9 -> #DIV/0! | M9: ='Sheet 3. Total Amounts '!M9/'Formula Calculations (LOCKED)'!B9 -> #DIV/0! | N9: ='Sheet 3. Total Amounts '!N9/'Formula Calculations (LOCKED)'!B9 -> #DIV/0!
A10: ='Sheet 2. County Level Data'!A8 -> 0 | B10: ='Sheet 3. Total Amounts '!B10/'Formula Calculations (LOCKED)'!B10 -> #DIV/0! | C10: ='Sheet 3. Total Amounts '!C10/'Formula Calculations (LOCKED)'!$B10 -> #DIV/0! | D10: ='Sheet 3. Total Amounts '!D10/'Formula Calculations (LOCKED)'!$B10 -> #DIV/0! | E10: ='Sheet 3. Total Amounts '!E10/'Formula Calculations (LOCKED)'!$B10 -> #DIV/0! | F10: ='Sheet 3. Total Amounts '!F10/'Formula Calculations (LOCKED)'!$B10 -> #DIV/0! | G10: ='Sheet 3. Total Amounts '!G10/'Formula Calculations (LOCKED)'!$B10 -> #DIV/0! | H10: ='Sheet 3. Total Amounts '!H10/'Formula Calculations (LOCKED)'!$B10 -> #DIV/0! | I10: ='Sheet 3. Total Amounts '!I10/'Formula Calculations (LOCKED)'!$B10 -> #DIV/0! | J10: ='Sheet 3. Total Amounts '!J10/'Formula Calculations (LOCKED)'!$B10 -> #DIV/0! | K10: ='Sheet 3. Total Amounts '!K10/'Formula Calculations (LOCKED)'!$B10 -> #DIV/0! | L10: ='Sheet 3. Total Amounts '!L10/'Formula Calculations (LOCKED)'!B10 -> #DIV/0! | M10: ='Sheet 3. Total Amounts '!M10/'Formula Calculations (LOCKED)'!B10 -> #DIV/0! | N10: ='Sheet 3. Total Amounts '!N10/'Formula Calculations (LOCKED)'!B10 -> #DIV/0!
A11: ='Sheet 2. County Level Data'!A9 -> 0 | B11: ='Sheet 3. Total Amounts '!B11/'Formula Calculations (LOCKED)'!B11 -> #DIV/0! | C11: ='Sheet 3. Total Amounts '!C11/'Formula Calculations (LOCKED)'!$B11 -> #DIV/0! | D11: ='Sheet 3. Total Amounts '!D11/'Formula Calculations (LOCKED)'!$B11 -> #DIV/0! | E11: ='Sheet 3. Total Amounts '!E11/'Formula Calculations (LOCKED)'!$B11 -> #DIV/0! | F11: ='Sheet 3. Total Amounts '!F11/'Formula Calculations (LOCKED)'!$B11 -> #DIV/0! | G11: ='Sheet 3. Total Amounts '!G11/'Formula Calculations (LOCKED)'!$B11 -> #DIV/0! | H11: ='Sheet 3. Total Amounts '!H11/'Formula Calculations (LOCKED)'!$B11 -> #DIV/0! | I11: ='Sheet 3. Total Amounts '!I11/'Formula Calculations (LOCKED)'!$B11 -> #DIV/0! | J11: ='Sheet 3. Total Amounts '!J11/'Formula Calculations (LOCKED)'!$B11 -> #DIV/0! | K11: ='Sheet 3. Total Amounts '!K11/'Formula Calculations (LOCKED)'!$B11 -> #DIV/0! | L11: ='Sheet 3. Total Amounts '!L11/'Formula Calculations (LOCKED)'!B11 -> #DIV/0! | M11: ='Sheet 3. Total Amounts '!M11/'Formula Calculations (LOCKED)'!B11 -> #DIV/0! | N11: ='Sheet 3. Total Amounts '!N11/'Formula Calculations (LOCKED)'!B11 -> #DIV/0!
A12: ='Sheet 2. County Level Data'!A10 -> 0 | B12: ='Sheet 3. Total Amounts '!B12/'Formula Calculations (LOCKED)'!B12 -> #DIV/0! | C12: ='Sheet 3. Total Amounts '!C12/'Formula Calculations (LOCKED)'!$B12 -> #DIV/0! | D12: ='Sheet 3. Total Amounts '!D12/'Formula Calculations (LOCKED)'!$B12 -> #DIV/0! | E12: ='Sheet 3. Total Amounts '!E12/'Formula Calculations (LOCKED)'!$B12 -> #DIV/0! | F12: ='Sheet 3. Total Amounts '!F12/'Formula Calculations (LOCKED)'!$B12 -> #DIV/0! | G12: ='Sheet 3. Total Amounts '!G12/'Formula Calculations (LOCKED)'!$B12 -> #DIV/0! | H12: ='Sheet 3. Total Amounts '!H12/'Formula Calculations (LOCKED)'!$B12 -> #DIV/0! | I12: ='Sheet 3. Total Amounts '!I12/'Formula Calculations (LOCKED)'!$B12 -> #DIV/0! | J12: ='Sheet 3. Total Amounts '!J12/'Formula Calculations (LOCKED)'!$B12 -> #DIV/0! | K12: ='Sheet 3. Total Amounts '!K12/'Formula Calculations (LOCKED)'!$B12 -> #DIV/0! | L12: ='Sheet 3. Total Amounts '!L12/'Formula Calculations (LOCKED)'!B12 -> #DIV/0! | M12: ='Sheet 3. Total Amounts '!M12/'Formula Calculations (LOCKED)'!B12 -> #DIV/0! | N12: ='Sheet 3. Total Amounts '!N12/'Formula Calculations (LOCKED)'!B12 -> #DIV/0!
A13: ='Sheet 2. County Level Data'!A11 -> 0 | B13: ='Sheet 3. Total Amounts '!B13/'Formula Calculations (LOCKED)'!B13 -> #DIV/0! | C13: ='Sheet 3. Total Amounts '!C13/'Formula Calculations (LOCKED)'!$B13 -> #DIV/0! | D13: ='Sheet 3. Total Amounts '!D13/'Formula Calculations (LOCKED)'!$B13 -> #DIV/0! | E13: ='Sheet 3. Total Amounts '!E13/'Formula Calculations (LOCKED)'!$B13 -> #DIV/0! | F13: ='Sheet 3. Total Amounts '!F13/'Formula Calculations (LOCKED)'!$B13 -> #DIV/0! | G13: ='Sheet 3. Total Amounts '!G13/'Formula Calculations (LOCKED)'!$B13 -> #DIV/0! | H13: ='Sheet 3. Total Amounts '!H13/'Formula Calculations (LOCKED)'!$B13 -> #DIV/0! | I13: ='Sheet 3. Total Amounts '!I13/'Formula Calculations (LOCKED)'!$B13 -> #DIV/0! | J13: ='Sheet 3. Total Amounts '!J13/'Formula Calculations (LOCKED)'!$B13 -> #DIV/0! | K13: ='Sheet 3. Total Amounts '!K13/'Formula Calculations (LOCKED)'!$B13 -> #DIV/0! | L13: ='Sheet 3. Total Amounts '!L13/'Formula Calculations (LOCKED)'!B13 -> #DIV/0! | M13: ='Sheet 3. Total Amounts '!M13/'Formula Calculations (LOCKED)'!B13 -> #DIV/0! | N13: ='Sheet 3. Total Amounts '!N13/'Formula Calculations (LOCKED)'!B13 -> #DIV/0!
A14: ='Sheet 2. County Level Data'!A12 -> 0 | B14: ='Sheet 3. Total Amounts '!B14/'Formula Calculations (LOCKED)'!B14 -> #DIV/0! | C14: ='Sheet 3. Total Amounts '!C14/'Formula Calculations (LOCKED)'!$B14 -> #DIV/0! | D14: ='Sheet 3. Total Amounts '!D14/'Formula Calculations (LOCKED)'!$B14 -> #DIV/0! | E14: ='Sheet 3. Total Amounts '!E14/'Formula Calculations (LOCKED)'!$B14 -> #DIV/0! | F14: ='Sheet 3. Total Amounts '!F14/'Formula Calculations (LOCKED)'!$B14 -> #DIV/0! | G14: ='Sheet 3. Total Amounts '!G14/'Formula Calculations (LOCKED)'!$B14 -> #DIV/0! | H14: ='Sheet 3. Total Amounts '!H14/'Formula Calculations (LOCKED)'!$B14 -> #DIV/0! | I14: ='Sheet 3. Total Amounts '!I14/'Formula Calculations (LOCKED)'!$B14 -> #DIV/0! | J14: ='Sheet 3. Total Amounts '!J14/'Formula Calculations (LOCKED)'!$B14 -> #DIV/0! | K14: ='Sheet 3. Total Amounts '!K14/'Formula Calculations (LOCKED)'!$B14 -> #DIV/0! | L14: ='Sheet 3. Total Amounts '!L14/'Formula Calculations (LOCKED)'!B14 -> #DIV/0! | M14: ='Sheet 3. Total Amounts '!M14/'Formula Calculations (LOCKED)'!B14 -> #DIV/0! | N14: ='Sheet 3. Total Amounts '!N14/'Formula Calculations (LOCKED)'!B14 -> #DIV/0!
A15: ='Sheet 2. County Level Data'!A13 -> 0 | B15: ='Sheet 3. Total Amounts '!B15/'Formula Calculations (LOCKED)'!B15 -> #DIV/0! | C15: ='Sheet 3. Total Amounts '!C15/'Formula Calculations (LOCKED)'!$B15 -> #DIV/0! | D15: ='Sheet 3. Total Amounts '!D15/'Formula Calculations (LOCKED)'!$B15 -> #DIV/0! | E15: ='Sheet 3. Total Amounts '!E15/'Formula Calculations (LOCKED)'!$B15 -> #DIV/0! | F15: ='Sheet 3. Total Amounts '!F15/'Formula Calculations (LOCKED)'!$B15 -> #DIV/0! | G15: ='Sheet 3. Total Amounts '!G15/'Formula Calculations (LOCKED)'!$B15 -> #DIV/0! | H15: ='Sheet 3. Total Amounts '!H15/'Formula Calculations (LOCKED)'!$B15 -> #DIV/0! | I15: ='Sheet 3. Total Amounts '!I15/'Formula Calculations (LOCKED)'!$B15 -> #DIV/0! | J15: ='Sheet 3. Total Amounts '!J15/'Formula Calculations (LOCKED)'!$B15 -> #DIV/0! | K15: ='Sheet 3. Total Amounts '!K15/'Formula Calculations (LOCKED)'!$B15 -> #DIV/0! | L15: ='Sheet 3. Total Amounts '!L15/'Formula Calculations (LOCKED)'!B15 -> #DIV/0! | M15: ='Sheet 3. Total Amounts '!M15/'Formula Calculations (LOCKED)'!B15 -> #DIV/0! | N15: ='Sheet 3. Total Amounts '!N15/'Formula Calculations (LOCKED)'!B15 -> #DIV/0!
... A162: ='Sheet 2. County Level Data'!A160 -> 0 | B162: ='Sheet 3. Total Amounts '!B162/'Formula Calculations (LOCKED)'!B162 -> #DIV/0! | C162: ='Sheet 3. Total Amounts '!C162/'Formula Calculations (LOCKED)'!$B162 -> #DIV/0! | D162: ='Sheet 3. Total Amounts '!D162/'Formula Calculations (LOCKED)'!$B162 -> #DIV/0! | E162: ='Sheet 3. Total Amounts '!E162/'Formula Calculations (LOCKED)'!$B162 -> #DIV/0! | F162: ='Sheet 3. Total Amounts '!F162/'Formula Calculations (LOCKED)'!$B162 -> #DIV/0! | G162: ='Sheet 3. Total Amounts '!G162/'Formula Calculations (LOCKED)'!$B162 -> #DIV/0! | H162: ='Sheet 3. Total Amounts '!H162/'Formula Calculations (LOCKED)'!$B162 -> #DIV/0! | I162: ='Sheet 3. Total Amounts '!I162/'Formula Calculations (LOCKED)'!$B162 -> #DIV/0! | J162: ='Sheet 3. Total Amounts '!J162/'Formula Calculations (LOCKED)'!$B162 -> #DIV/0! | K162: ='Sheet 3. Total Amounts '!K162/'Formula Calculations (LOCKED)'!$B162 -> #DIV/0! | L162: ='Sheet 3. Total Amounts '!L162/'Formula Calculations (LOCKED)'!B162 -> #DIV/0! | M162: ='Sheet 3. Total Amounts '!M162/'Formula Calculations (LOCKED)'!B162 -> #DIV/0! | N162: ='Sheet 3. Total Amounts '!N162/'Formula Calculations (LOCKED)'!B162 -> #DIV/0!

Sheet Formula Calculations (LOCKED)
A1: County | B1: Total Population | C1: Percent of State Population | D1: Rural Population | E1: Percent Rural | F1: RUCC | G1: Rural | H1: Population Living at or Below 125% FPL | I1: Percent Below 125% FPL | J1: Percent Below 125% FPL- Urban Pop | K1: Percent Below 125% FPL- Rural Pop | L1: SVI | M1: SVI Urban | N1: SVI Rural | O1: Population 18 and Under | P1: Percent Population 18 and under | Q1: Percent Pop 18 and Under- Urban Pop | R1: Percent Pop 18 and Under- Rural Pop | S1: Percent Rural
A2: Total | B2: =SUM(B4:B192) -> 0 | C2: =SUM(C$4:C$300) -> #DIV/0! | D2: =SUM(D4:D300) -> 0 | E2: =D2/B2 -> #DIV/0! | F2: - | G2: - | H2: =SUM(H4:H300) -> 0 | I2: =H2/B2 -> #DIV/0! | J2: =SUM(J4:J300) -> 0 | K2: =SUM(K4:K300) -> 0 | L2: =SUM(L4:L300) -> 0 | M2: =SUM(M4:M300) -> 0 | N2: =SUM(N4:N300) -> 0 | O2: =SUM(O4:O300) -> 0 | P2: =$O$2/$B$2 -> #DIV/0! | Q2: =SUM(Q4:Q300) -> 0 | R2: =SUM(R4:R300) -> 0 | S2: =D2/B2 -> #DIV/0!
A4: ='Sheet 2. County Level Data'!$A2 -> 0 | B4: ='Sheet 2. County Level Data'!C2 -> 0 | C4: =$B4/$B$2 -> #DIV/0! | D4: ='Sheet 2. County Level Data'!$D2 -> 0 | E4: =D4/B4 -> #DIV/0! | F4: ='Sheet 2. County Level Data'!$E2 -> 0 | G4: =IF(F4>=4,1,0) -> 0 | H4: ='Sheet 2. County Level Data'!$F2 -> 0 | I4: =$H4/$B4 -> #DIV/0! | J4: =IF(G4=0,H4,0) -> 0 | K4: =IF(G4=1,H4,0) -> 0 | L4: ='Sheet 2. County Level Data'!$G2 -> 0 | M4: =IF(G4=0,L4,0) -> 0 | N4: =IF(G4=1,L4,0) -> 0 | O4: ='Sheet 2. County Level Data'!$H2 -> 0 | P4: =$O4/$B4 -> #DIV/0! | Q4: =IF(G4=0,O4,0) -> 0 | R4: =IF(G4=1,O4,0) -> 0 | S4: =D4/B4 -> #DIV/0!
A5: ='Sheet 2. County Level Data'!$A3 -> 0 | B5: ='Sheet 2. County Level Data'!C3 -> 0 | C5: =$B5/$B$2 -> #DIV/0! | D5: ='Sheet 2. County Level Data'!$D3 -> 0 | E5: =D5/B5 -> #DIV/0! | F5: ='Sheet 2. County Level Data'!$E3 -> 0 | G5: =IF(F5>=4,1,0) -> 0 | H5: ='Sheet 2. County Level Data'!$F3 -> 0 | I5: =$H5/$B5 -> #DIV/0! | J5: =IF(G5=0,H5,0) -> 0 | K5: =IF(G5=1,H5,0) -> 0 | L5: ='Sheet 2. County Level Data'!$G3 -> 0 | M5: =IF(G5=0,L5,0) -> 0 | N5: =IF(G5=1,L5,0) -> 0 | O5: ='Sheet 2. County Level Data'!$H3 -> 0 | P5: =$O5/$B5 -> #DIV/0! | Q5: =IF(G5=0,O5,0) -> 0 | R5: =IF(G5=1,O5,0) -> 0 | S5: =D5/B5 -> #DIV/0!
A6: ='Sheet 2. County Level Data'!$A4 -> 0 | B6: ='Sheet 2. County Level Data'!C4 -> 0 | C6: =$B6/$B$2 -> #DIV/0! | D6: ='Sheet 2. County Level Data'!$D4 -> 0 | E6: =D6/B6 -> #DIV/0! | F6: ='Sheet 2. County Level Data'!$E4 -> 0 | G6: =IF(F6>=4,1,0) -> 0 | H6: ='Sheet 2. County Level Data'!$F4 -> 0 | I6: =$H6/$B6 -> #DIV/0! | J6: =IF(G6=0,H6,0) -> 0 | K6: =IF(G6=1,H6,0) -> 0 | L6: ='Sheet 2. County Level Data'!$G4 -> 0 | M6: =IF(G6=0,L6,0) -> 0 | N6: =IF(G6=1,L6,0) -> 0 | O6: ='Sheet 2. County Level Data'!$H4 -> 0 | P6: =$O6/$B6 -> #DIV/0! | Q6: =IF(G6=0,O6,0) -> 0 | R6: =IF(G6=1,O6,0) -> 0 | S6: =D6/B6 -> #DIV/0!
A7: ='Sheet 2. County Level Data'!$A5 -> 0 | B7: ='Sheet 2. County Level Data'!C5 -> 0 | C7: =$B7/$B$2 -> #DIV/0! | D7: ='Sheet 2. County Level Data'!$D5 -> 0 | E7: =D7/B7 -> #DIV/0! | F7: ='Sheet 2. County Level Data'!$E5 -> 0 | G7: =IF(F7>=4,1,0) -> 0 | H7: ='Sheet 2. County Level Data'!$F5 -> 0 | I7: =$H7/$B7 -> #DIV/0! | J7: =IF(G7=0,H7,0) -> 0 | K7: =IF(G7=1,H7,0) -> 0 | L7: ='Sheet 2. County Level Data'!$G5 -> 0 | M7: =IF(G7=0,L7,0) -> 0 | N7: =IF(G7=1,L7,0) -> 0 | O7: ='Sheet 2. County Level Data'!$H5 -> 0 | P7: =$O7/$B7 -> #DIV/0! | Q7: =IF(G7=0,O7,0) -> 0 | R7: =IF(G7=1,O7,0) -> 0 | S7: =D7/B7 -> #DIV/0!
A8: ='Sheet 2. County Level Data'!$A6 -> 0 | B8: ='Sheet 2. County Level Data'!C6 -> 0 | C8: =$B8/$B$2 -> #DIV/0! | D8: ='Sheet 2. County Level Data'!$D6 -> 0 | E8: =D8/B8 -> #DIV/0! | F8: ='Sheet 2. County Level Data'!$E6 -> 0 | G8: =IF(F8>=4,1,0) -> 0 | H8: ='Sheet 2. County Level Data'!$F6 -> 0 | I8: =$H8/$B8 -> #DIV/0! | J8: =IF(G8=0,H8,0) -> 0 | K8: =IF(G8=1,H8,0) -> 0 | L8: ='Sheet 2. County Level Data'!$G6 -> 0 | M8: =IF(G8=0,L8,0) -> 0 | N8: =IF(G8=1,L8,0) -> 0 | O8: ='Sheet 2. County Level Data'!$H6 -> 0 | P8: =$O8/$B8 -> #DIV/0! | Q8: =IF(G8=0,O8,0) -> 0 | R8: =IF(G8=1,O8,0) -> 0 | S8: =D8/B8 -> #DIV/0!
A9: ='Sheet 2. County Level Data'!$A7 -> 0 | B9: ='Sheet 2. County Level Data'!C7 -> 0 | C9: =$B9/$B$2 -> #DIV/0! | D9: ='Sheet 2. County Level Data'!$D7 -> 0 | E9: =D9/B9 -> #DIV/0! | F9: ='Sheet 2. County Level Data'!$E7 -> 0 | G9: =IF(F9>=4,1,0) -> 0 | H9: ='Sheet 2. County Level Data'!$F7 -> 0 | I9: =$H9/$B9 -> #DIV/0! | J9: =IF(G9=0,H9,0) -> 0 | K9: =IF(G9=1,H9,0) -> 0 | L9: ='Sheet 2. County Level Data'!$G7 -> 0 | M9: =IF(G9=0,L9,0) -> 0 | N9: =IF(G9=1,L9,0) -> 0 | O9: ='Sheet 2. County Level Data'!$H7 -> 0 | P9: =$O9/$B9 -> #DIV/0! | Q9: =IF(G9=0,O9,0) -> 0 | R9: =IF(G9=1,O9,0) -> 0 | S9: =D9/B9 -> #DIV/0!
A10: ='Sheet 2. County Level Data'!$A8 -> 0 | B10: ='Sheet 2. County Level Data'!C8 -> 0 | C10: =$B10/$B$2 -> #DIV/0! | D10: ='Sheet 2. County Level Data'!$D8 -> 0 | E10: =D10/B10 -> #DIV/0! | F10: ='Sheet 2. County Level Data'!$E8 -> 0 | G10: =IF(F10>=4,1,0) -> 0 | H10: ='Sheet 2. County Level Data'!$F8 -> 0 | I10: =$H10/$B10 -> #DIV/0! | J10: =IF(G10=0,H10,0) -> 0 | K10: =IF(G10=1,H10,0) -> 0 | L10: ='Sheet 2. County Level Data'!$G8 -> 0 | M10: =IF(G10=0,L10,0) -> 0 | N10: =IF(G10=1,L10,0) -> 0 | O10: ='Sheet 2. County Level Data'!$H8 -> 0 | P10: =$O10/$B10 -> #DIV/0! | Q10: =IF(G10=0,O10,0) -> 0 | R10: =IF(G10=1,O10,0) -> 0 | S10: =D10/B10 -> #DIV/0!
A11: ='Sheet 2. County Level Data'!$A9 -> 0 | B11: ='Sheet 2. County Level Data'!C9 -> 0 | C11: =$B11/$B$2 -> #DIV/0! | D11: ='Sheet 2. County Level Data'!$D9 -> 0 | E11: =D11/B11 -> #DIV/0! | F11: ='Sheet 2. County Level Data'!$E9 -> 0 | G11: =IF(F11>=4,1,0) -> 0 | H11: ='Sheet 2. County Level Data'!$F9 -> 0 | I11: =$H11/$B11 -> #DIV/0! | J11: =IF(G11=0,H11,0) -> 0 | K11: =IF(G11=1,H11,0) -> 0 | L11: ='Sheet 2. County Level Data'!$G9 -> 0 | M11: =IF(G11=0,L11,0) -> 0 | N11: =IF(G11=1,L11,0) -> 0 | O11: ='Sheet 2. County Level Data'!$H9 -> 0 | P11: =$O11/$B11 -> #DIV/0! | Q11: =IF(G11=0,O11,0) -> 0 | R11: =IF(G11=1,O11,0) -> 0 | S11: =D11/B11 -> #DIV/0!
A12: ='Sheet 2. County Level Data'!$A10 -> 0 | B12: ='Sheet 2. County Level Data'!C10 -> 0 | C12: =$B12/$B$2 -> #DIV/0! | D12: ='Sheet 2. County Level Data'!$D10 -> 0 | E12: =D12/B12 -> #DIV/0! | F12: ='Sheet 2. County Level Data'!$E10 -> 0 | G12: =IF(F12>=4,1,0) -> 0 | H12: ='Sheet 2. County Level Data'!$F10 -> 0 | I12: =$H12/$B12 -> #DIV/0! | J12: =IF(G12=0,H12,0) -> 0 | K12: =IF(G12=1,H12,0) -> 0 | L12: ='Sheet 2. County Level Data'!$G10 -> 0 | M12: =IF(G12=0,L12,0) -> 0 | N12: =IF(G12=1,L12,0) -> 0 | O12: ='Sheet 2. County Level Data'!$H10 -> 0 | P12: =$O12/$B12 -> #DIV/0! | Q12: =IF(G12=0,O12,0) -> 0 | R12: =IF(G12=1,O12,0) -> 0 | S12: =D12/B12 -> #DIV/0!
A13: ='Sheet 2. County Level Data'!$A11 -> 0 | B13: ='Sheet 2. County Level Data'!C11 -> 0 | C13: =$B13/$B$2 -> #DIV/0! | D13: ='Sheet 2. County Level Data'!$D11 -> 0 | E13: =D13/B13 -> #DIV/0! | F13: ='Sheet 2. County Level Data'!$E11 -> 0 | G13: =IF(F13>=4,1,0) -> 0 | H13: ='Sheet 2. County Level Data'!$F11 -> 0 | I13: =$H13/$B13 -> #DIV/0! | J13: =IF(G13=0,H13,0) -> 0 | K13: =IF(G13=1,H13,0) -> 0 | L13: ='Sheet 2. County Level Data'!$G11 -> 0 | M13: =IF(G13=0,L13,0) -> 0 | N13: =IF(G13=1,L13,0) -> 0 | O13: ='Sheet 2. County Level Data'!$H11 -> 0 | P13: =$O13/$B13 -> #DIV/0! | Q13: =IF(G13=0,O13,0) -> 0 | R13: =IF(G13=1,O13,0) -> 0 | S13: =D13/B13 -> #DIV/0!
A14: ='Sheet 2. County Level Data'!$A12 -> 0 | B14: ='Sheet 2. County Level Data'!C12 -> 0 | C14: =$B14/$B$2 -> #DIV/0! | D14: ='Sheet 2. County Level Data'!$D12 -> 0 | E14: =D14/B14 -> #DIV/0! | F14: ='Sheet 2. County Level Data'!$E12 -> 0 | G14: =IF(F14>=4,1,0) -> 0 | H14: ='Sheet 2. County Level Data'!$F12 -> 0 | I14: =$H14/$B14 -> #DIV/0! | J14: =IF(G14=0,H14,0) -> 0 | K14: =IF(G14=1,H14,0) -> 0 | L14: ='Sheet 2. County Level Data'!$G12 -> 0 | M14: =IF(G14=0,L14,0) -> 0 | N14: =IF(G14=1,L14,0) -> 0 | O14: ='Sheet 2. County Level Data'!$H12 -> 0 | P14: =$O14/$B14 -> #DIV/0! | Q14: =IF(G14=0,O14,0) -> 0 | R14: =IF(G14=1,O14,0) -> 0 | S14: =D14/B14 -> #DIV/0!
A15: ='Sheet 2. County Level Data'!$A13 -> 0 | B15: ='Sheet 2. County Level Data'!C13 -> 0 | C15: =$B15/$B$2 -> #DIV/0! | D15: ='Sheet 2. County Level Data'!$D13 -> 0 | E15: =D15/B15 -> #DIV/0! | F15: ='Sheet 2. County Level Data'!$E13 -> 0 | G15: =IF(F15>=4,1,0) -> 0 | H15: ='Sheet 2. County Level Data'!$F13 -> 0 | I15: =$H15/$B15 -> #DIV/0! | J15: =IF(G15=0,H15,0) -> 0 | K15: =IF(G15=1,H15,0) -> 0 | L15: ='Sheet 2. County Level Data'!$G13 -> 0 | M15: =IF(G15=0,L15,0) -> 0 | N15: =IF(G15=1,L15,0) -> 0 | O15: ='Sheet 2. County Level Data'!$H13 -> 0 | P15: =$O15/$B15 -> #DIV/0! | Q15: =IF(G15=0,O15,0) -> 0 | R15: =IF(G15=1,O15,0) -> 0 | S15: =D15/B15 -> #DIV/0!
... A162: ='Sheet 2. County Level Data'!$A160 -> 0 | B162: ='Sheet 2. County Level Data'!C160 -> 0 | C162: =$B162/$B$2 -> #DIV/0! | D162: ='Sheet 2. County Level Data'!$D160 -> 0 | E162: =D162/B162 -> #DIV/0! | F162: ='Sheet 2. County Level Data'!$E160 -> 0 | G162: =IF(F162>=4,1,0) -> 0 | H162: ='Sheet 2. County Level Data'!$F160 -> 0 | I162: =$H162/$B162 -> #DIV/0! | J162: =IF(G162=0,H162,0) -> 0 | K162: =IF(G162=1,H162,0) -> 0 | L162: ='Sheet 2. County Level Data'!$G160 -> 0 | M162: =IF(G162=0,L162,0) -> 0 | N162: =IF(G162=1,L162,0) -> 0 | O162: ='Sheet 2. County Level Data'!$H160 -> 0 | P162: =$O162/$B162 -> #DIV/0! | Q162: =IF(G162=0,O162,0) -> 0 | R162: =IF(G162=1,O162,0) -> 0 | S162: =D162/B162 -> #DIV/0!
